,Artist,Title,URL,GenreRaw
0,Percy Faith,"Theme From ""A Summer Place""",https://en.wikipedia.org/wiki/Theme_from_A_Summer_Place,easy listening
1,Jim Reeves,He'll Have To Go,https://en.wikipedia.org/wiki/He%27ll_Have_to_Go,"country, pop"
2,The Everly Brothers,Cathy's Clown,https://en.wikipedia.org/wiki/Cathy%27s_Clown,pop
3,The Everly Brothers,Let It Be Me,https://en.wikipedia.org/wiki/Let_It_Be_Me_(The_Everly_Brothers_song),pop
4,The Everly Brothers,So Sad,https://en.wikipedia.org/wiki/So_Sad_(To_Watch_Good_Love_Go_Bad),pop
5,The Everly Brothers,When Will I Be Loved,https://en.wikipedia.org/wiki/When_Will_I_Be_Loved_(song),country
6,The Everly Brothers,Walk Right Back,https://en.wikipedia.org/wiki/Walk_Right_Back,rock
7,The Everly Brothers,Crying In The Rain,https://en.wikipedia.org/wiki/Walk_Right_Back,rock
8,Johnny Preston,Running Bear,https://en.wikipedia.org/wiki/Running_Bear,
9,Johnny Preston,Cradle Of Love,https://en.wikipedia.org/wiki/Cradle_of_Love_(Johnny_Preston_song),rock and roll
10,Mark Dinning,Teen Angel,https://en.wikipedia.org/wiki/Teen_Angel_(song),"pop, teenage tragedy song"
11,Brenda Lee,I'm Sorry,https://en.wikipedia.org/wiki/I%27m_Sorry_(Brenda_Lee_song),"pop, country"
12,Brenda Lee,Sweet Nothin's,https://en.wikipedia.org/wiki/Sweet_Nothin%27s,
13,Brenda Lee,I Want To Be Wanted,https://en.wikipedia.org/wiki/I_Want_to_Be_Wanted,pop
14,Brenda Lee,That's All You Gotta Do,https://en.wikipedia.org/wiki/That%27s_All_You_Gotta_Do,rockabilly
15,Brenda Lee,Dum Dum,https://en.wikipedia.org/wiki/Dum_Dum_(Brenda_Lee_song),pop
16,Brenda Lee,You Can Depend On Me,https://en.wikipedia.org/wiki/You_Can_Depend_on_Me_(song),
17,Brenda Lee,Break It To Me Gently,https://en.wikipedia.org/wiki/Break_It_to_Me_Gently,"vocal, country"
18,Brenda Lee,Everybody Loves Me But You,https://en.wikipedia.org/wiki/Everybody_Loves_Me_But_You,vocal
19,Brenda Lee,Losing You,https://en.wikipedia.org/wiki/Losing_You_(Brenda_Lee_song),pop
20,Brenda Lee,Too Many Rivers,https://en.wikipedia.org/wiki/Too_Many_Rivers,
21,Brenda Lee,Coming On Strong,https://en.wikipedia.org/wiki/Coming_On_Strong_(song),pop
22,Elvis Presley,It's Now Or Never,https://en.wikipedia.org/wiki/It%27s_Now_or_Never_(song),pop
23,Elvis Presley,Stuck On You,https://en.wikipedia.org/wiki/Stuck_on_You_(Elvis_Presley_song),"rock and roll, rhythm and blues"
24,Elvis Presley,Little Sister,https://en.wikipedia.org/wiki/Little_Sister_(Elvis_Presley_song),rock and roll
25,Elvis Presley,Surrender,https://en.wikipedia.org/wiki/Surrender_(Elvis_Presley_song),pop
26,Elvis Presley,(Marie's The Name) His Latest Flame,https://en.wikipedia.org/wiki/(Marie%27s_the_Name)_His_Latest_Flame,"rock and roll, pop"
27,Elvis Presley,Are You Lonesome Tonight?,https://en.wikipedia.org/wiki/Are_You_Lonesome_Tonight%3F_(song),pop
28,Elvis Presley,Good Luck Charm,https://en.wikipedia.org/wiki/Pot_Luck_(Elvis_Presley_album),"pop rock, rock and roll"
29,Elvis Presley,Can't Help Falling In Love,https://en.wikipedia.org/wiki/Can%27t_Help_Falling_in_Love,pop
30,Elvis Presley,(You're the) Devil in Disguise,https://en.wikipedia.org/wiki/(You%27re_the)_Devil_in_Disguise,"rhythm and blues, rock and roll"
31,Elvis Presley,Bossa Nova Baby,https://en.wikipedia.org/wiki/Bossa_Nova_Baby,"rock and roll, bossa nova"
32,Elvis Presley,Crying in the Chapel,https://en.wikipedia.org/wiki/Crying_in_the_Chapel,
33,Elvis Presley,Suspicious Minds,https://en.wikipedia.org/wiki/Suspicious_Minds,"rock, country, soul, pop"
34,Elvis Presley,In The Ghetto,https://en.wikipedia.org/wiki/In_the_Ghetto,"country, pop, soul"
35,Jimmy Jones,Handy Man,https://en.wikipedia.org/wiki/Handy_Man_(song),rock and roll
36,Jimmy Jones,Good Timin',https://en.wikipedia.org/wiki/Good_Timin%27_(Jimmy_Jones_song),r&b
37,Chubby Checker,The Twist,https://en.wikipedia.org/wiki/The_Twist_(song),rock and roll
38,Chubby Checker,Pony Time,https://en.wikipedia.org/wiki/Pony_Time,
39,Chubby Checker,The Fly,,
40,Chubby Checker,Let's Twist Again,https://en.wikipedia.org/wiki/Let%27s_Twist_Again,rock and roll
41,Chubby Checker,The Twist,https://en.wikipedia.org/wiki/The_Twist_(song),rock and roll
42,Chubby Checker,Slow Twistin',https://en.wikipedia.org/wiki/Slow_Twistin%27,"rhythm and blues, rock and roll, soul"
43,Connie Francis,Everybody's Somebody's Fool,https://en.wikipedia.org/wiki/Everybody%27s_Somebody%27s_Fool,pop
44,Connie Francis,My Heart Has A Mind Of Its Own,https://en.wikipedia.org/wiki/My_Heart_Has_a_Mind_of_Its_Own,pop
45,Connie Francis,Mama,https://en.wikipedia.org/wiki/Mamma_(song),pop
46,Connie Francis,Among My Souvenirs,https://en.wikipedia.org/wiki/Among_My_Souvenirs,pop
47,Connie Francis,Where The Boys Are,https://en.wikipedia.org/wiki/Where_the_Boys_Are_(Connie_Francis_song),traditional pop music
48,Connie Francis,Breakin' In A Brand New Broken Heart,https://en.wikipedia.org/wiki/Breakin%27_in_a_Brand_New_Broken_Heart,country pop
49,Connie Francis,Don't Break The Heart That Loves You,https://en.wikipedia.org/wiki/Don%27t_Break_the_Heart_That_Loves_You,country
50,Bobby Rydell,Wild One,https://en.wikipedia.org/wiki/Wild_One_(Bobby_Rydell_song),rock and roll
51,Bobby Rydell,Volare,https://en.wikipedia.org/wiki/Volare_(song),
52,Bobby Rydell,Swingin' School,https://en.wikipedia.org/wiki/Swingin%27_School,rock and roll
53,Bobby Rydell,Little Bitty Girl,https://en.wikipedia.org/wiki/Little_Bitty_Girl,pop
54,Bobby Rydell,Good Time Baby,https://en.wikipedia.org/wiki/Good_Time_Baby,rock and roll
55,Bobby Rydell,I'll Never Dance Again,https://en.wikipedia.org/wiki/I%27ll_Never_Dance_Again,pop
56,Brothers Four,Greenfields,,
57,Jack Scott,What In The World's Come Over You,https://en.wikipedia.org/wiki/Jack_Scott_(singer),
58,Jack Scott,Burning Bridges,,
59,Marty Robbins,El Paso,https://en.wikipedia.org/wiki/El_Paso_(song),"country, tex-mex"
60,Marty Robbins,Don't Worry,https://en.wikipedia.org/wiki/Don%27t_Worry_(Marty_Robbins_song),country
61,Hollywood Argyles,Alley Oop,https://en.wikipedia.org/wiki/Alley_Oop,
62,Brian Hyland,Itsy Bitsy Teenie Weenie Yellow Polkadot Bikini,https://en.wikipedia.org/wiki/Itsy_Bitsy_Teenie_Weenie_Yellow_Polkadot_Bikini,bubblegum pop
63,Brian Hyland,Sealed With A Kiss,https://en.wikipedia.org/wiki/Sealed_with_a_Kiss,pop
64,Roy Orbison,Only The Lonely,https://en.wikipedia.org/wiki/Only_the_Lonely,"pop, rock 'n' roll"
65,Roy Orbison,Crying,https://en.wikipedia.org/wiki/Crying_(Roy_Orbison_song),"country, rock"
66,Roy Orbison,Running Scared,https://en.wikipedia.org/wiki/Running_Scared_(Roy_Orbison_song),bolero
67,Roy Orbison,Dream Baby (How Long Must I Dream),https://en.wikipedia.org/wiki/Dream_Baby_(How_Long_Must_I_Dream),
68,Roy Orbison,Mean Woman Blues,https://en.wikipedia.org/wiki/Mean_Woman_Blues,rockabilly
69,Roy Orbison,In Dreams,https://en.wikipedia.org/wiki/In_Dreams_(Roy_Orbison_album),rock
70,Roy Orbison,"Oh, Pretty Woman","https://en.wikipedia.org/wiki/Oh,_Pretty_Woman",rock
71,Roy Orbison,It's Over,https://en.wikipedia.org/wiki/It%27s_Over_(Roy_Orbison_song),
72,Dion and The Belmonts,Where Or When,https://en.wikipedia.org/wiki/Where_or_When,doo-wop
73,Connie Stevens,Sixteen Reasons,https://en.wikipedia.org/wiki/Sixteen_Reasons,traditional pop
74,Paul Anka,Puppy Love,https://en.wikipedia.org/wiki/Puppy_Love_(Paul_Anka_song),pop
75,Paul Anka,It's Time To Cry,,
76,Paul Anka,My Home Town,,
77,Paul Anka,"Tonight My Love, Tonight",,
78,Paul Anka,Love Me Warm And Tender,,
79,Frankie Avalon,Why,https://en.wikipedia.org/wiki/Why_(Frankie_Avalon_song),pop
80,The Ventures,"Walk, Don't Run","https://en.wikipedia.org/wiki/Walk,_Don%27t_Run_(instrumental)","rock, surf rock"
81,The Ventures,"Walk, Don't Run '64","https://en.wikipedia.org/wiki/Walk,_Don%27t_Run_(instrumental)","rock, surf rock"
82,The Ventures,Hawaii Five-O,,
83,The Drifters,Save The Last Dance For Me,https://en.wikipedia.org/wiki/Save_the_Last_Dance_for_Me,"r&b, pop"
84,The Drifters,Please Stay,https://en.wikipedia.org/wiki/Please_Stay_(Burt_Bacharach_song),
85,The Drifters,Up on the Roof,https://en.wikipedia.org/wiki/Up_on_the_Roof_(song),
86,The Drifters,Under the Boardwalk,https://en.wikipedia.org/wiki/Under_the_Boardwalk,"pop, soul"
87,Dinah Washington and Brook Benton,Baby (You've Got What It Takes),https://en.wikipedia.org/wiki/Baby_(You%27ve_Got_What_It_Takes),r&b
88,Dinah Washington and Brook Benton,A Rockin' Good Way,https://en.wikipedia.org/wiki/Dinah_Washington,
89,Johnny Horton,Sink The Bismark,https://en.wikipedia.org/wiki/Sink_the_Bismark,country
90,Sam Cooke,Chain Gang,https://en.wikipedia.org/wiki/Chain_Gang_(song),"rhythm and blues, soul"
91,Sam Cooke,Wonderful World,https://en.wikipedia.org/wiki/The_Wonderful_World_of_Sam_Cooke,"rhythm and blues, soul"
92,Sam Cooke,Twistin' The Night Away,https://en.wikipedia.org/wiki/Twistin%27_the_Night_Away,rhythm and blues
93,Sam Cooke,Having A Party,https://en.wikipedia.org/wiki/Having_a_Party_(song),"rhythm and blues, soul"
94,Sam Cooke,Little Red Rooster,https://en.wikipedia.org/wiki/Little_Red_Rooster,
95,Sam Cooke,Another Saturday Night,https://en.wikipedia.org/wiki/Another_Saturday_Night,"r&b, soul"
96,Sam Cooke,Shake,https://en.wikipedia.org/wiki/Shake_(Sam_Cooke_song),
97,Bobby Darin,Beyond The Sea,https://en.wikipedia.org/wiki/Beyond_the_Sea_(film),
98,Bobby Darin,You Must Have Been A Beautiful Baby,https://en.wikipedia.org/wiki/You_Must_Have_Been_a_Beautiful_Baby,
99,Bobby Darin,Things,https://en.wikipedia.org/wiki/Things_(Bobby_Darin_song),pop rock
100,Bobby Darin,You're The Reason I'm Living,https://en.wikipedia.org/wiki/You%27re_the_Reason_I%27m_Living,pop
101,Bobby Darin,If I Were A Carpenter,https://en.wikipedia.org/wiki/If_I_Were_a_Carpenter_(Bobby_Darin_album),folk rock
102,Jimmy Clanton,Go Jimmy Go,https://en.wikipedia.org/wiki/Go_Jimmy_Go,
103,Jimmy Clanton,Venus In Blue Jeans,https://en.wikipedia.org/wiki/Venus_in_Blue_Jeans,
104,Jackie Wilson,Night,https://en.wikipedia.org/wiki/Night_(Jackie_Wilson_song),pop
105,Jackie Wilson,Doggin' Around,https://en.wikipedia.org/wiki/Doggin%27_Around,
106,Jackie Wilson,Baby Workout,https://en.wikipedia.org/wiki/Baby_Workout,rock and roll
107,Jackie Wilson,(Your Love Keeps Lifting Me) Higher And Higher,https://en.wikipedia.org/wiki/(Your_Love_Keeps_Lifting_Me)_Higher_and_Higher,chicago soul
108,Toni Fisher,The Big Hurt,https://en.wikipedia.org/wiki/The_Big_Hurt_(song),
109,Duane Eddy,Because They're Young,https://en.wikipedia.org/wiki/Because_They%27re_Young,
110,Conway Twitty,Lonely Blue Boy,https://en.wikipedia.org/wiki/Lonely_Blue_Boy,rock
111,Steve Lawrence,Pretty Blue Eyes,https://en.wikipedia.org/wiki/Pretty_Blue_Eyes,pop music
112,Steve Lawrence,Footsteps,https://en.wikipedia.org/wiki/Footsteps_(Steve_Lawrence_song),traditional pop music
113,Steve Lawrence,Portrait Of My Love,https://en.wikipedia.org/wiki/Portrait_of_My_Love,traditional pop music
114,Steve Lawrence,Go Away Little Girl,https://en.wikipedia.org/wiki/Go_Away_Little_Girl,pop
115,Freddie Cannon,Way Down Yonder In New Orleans,https://en.wikipedia.org/wiki/Way_Down_Yonder_in_New_Orleans,
116,Anita Bryant,In My Little Corner Of The World,https://en.wikipedia.org/wiki/My_Little_Corner_of_the_World,pop
117,Larry Verne,Mr. Custer,https://en.wikipedia.org/wiki/Mr._Custer,novelty
118,Fendermen,Mule Skinner Blues,https://en.wikipedia.org/wiki/Mule_Skinner_Blues,
119,Marv Johnson,You've Got What It Takes,https://en.wikipedia.org/wiki/You_Got_What_It_Takes,
120,Marv Johnson,I Love The Way You Love,https://en.wikipedia.org/wiki/Love_the_Way_You_Lie,
121,Hank Locklin,"Please Help Me, I'm Falling","https://en.wikipedia.org/wiki/Please_Help_Me,_I%27m_Falling",country
122,Ron Holden,Love You So,https://en.wikipedia.org/wiki/Love_You_So,
123,Hank Ballard and The Midnighters,Finger Poppin' Time,,
124,Platters,Harbor Lights,https://en.wikipedia.org/wiki/Harbor_Lights,
125,Billy Bland,Let The Little Girl Dance,https://en.wikipedia.org/wiki/The_Little_Match_Girl,
126,Jeanne Black,He'll Have To Stay,https://en.wikipedia.org/wiki/He%27ll_Have_to_Stay,country
127,Ferrante and Teicher,Theme From The Apartment,https://en.wikipedia.org/wiki/Ferrante_%26_Teicher,
128,Ferrante and Teicher,Exodus,https://en.wikipedia.org/wiki/Exodus_(soundtrack),
129,Jimmy Charles,A Million To One,https://en.wikipedia.org/wiki/A_Million_to_One,
130,Andy Williams,The Village Of St. Bernadette,https://en.wikipedia.org/wiki/The_Village_of_St._Bernadette,"vocal pop, inspirational, traditional pop, gospel, hymns, contemporary gospel"
131,Andy Williams,Can't Get Used To Losing You,https://en.wikipedia.org/wiki/Can%27t_Get_Used_to_Losing_You,easy listening
132,Andy Williams,A Fool Never Learns,https://en.wikipedia.org/wiki/A_Fool_Never_Learns,easy listening
133,The Browns,The Old Lamplighter,https://en.wikipedia.org/wiki/The_Old_Lamp-Lighter,countrypolitan
134,Bill Black's Combo,White Silver Sands,https://en.wikipedia.org/wiki/White_Silver_Sands,
135,Bobby Vee,Devil Or Angel,https://en.wikipedia.org/wiki/Devil_or_Angel,
136,Bobby Vee,Take Good Care Of My Baby,https://en.wikipedia.org/wiki/Take_Good_Care_of_My_Baby,"rock and roll, pop"
137,Bobby Vee,Rubber Ball,https://en.wikipedia.org/wiki/Bouncy_ball,
138,Bobby Vee,The Night Has a Thousand Eyes,https://en.wikipedia.org/wiki/The_Night_Has_a_Thousand_Eyes_(song),pop
139,The Four Preps,Down By The Station,https://en.wikipedia.org/wiki/Down_by_the_Station,
140,The Four Preps,More Money For You And Me,https://en.wikipedia.org/wiki/Catch_Me_If_You_Can,
141,The Little Dippers,Forever,https://en.wikipedia.org/wiki/Forever_(The_Little_Dippers_song),easy listening
142,The Safaris,Image Of A Girl,,
143,Brook Benton,Kiddio,https://en.wikipedia.org/wiki/Kiddio,
144,Brook Benton,The Boll Weevil Song,https://en.wikipedia.org/wiki/Boll_Weevil_(song),novelty song
145,Brook Benton,Think Twice,https://en.wikipedia.org/wiki/Think_Twice_(Brook_Benton_song),pop
146,Donnie Brooks,Mission Bell,,
147,Ray Peterson,Tell Laura I Love Her,https://en.wikipedia.org/wiki/Tell_Laura_I_Love_Her,pop
148,Ray Peterson,Missing You,,
149,Fats Domino,Walking To New Orleans,https://en.wikipedia.org/wiki/Fats_Domino,
150,Fats Domino,Let The Four Winds Blow,,
151,Neil Sedaka,Stairway To Heaven,https://en.wikipedia.org/wiki/Stairway_to_Heaven_(Neil_Sedaka_song),pop
152,Neil Sedaka,Calendar Girl,https://en.wikipedia.org/wiki/Calendar_Girl_(song),brill building
153,Neil Sedaka,Breaking Up Is Hard To Do,https://en.wikipedia.org/wiki/Breaking_Up_Is_Hard_to_Do,"brill building, doo-wop"
154,Ray Charles,Georgia On My Mind,https://en.wikipedia.org/wiki/Georgia_on_My_Mind,"jazz, soul, blues, traditional pop"
155,Ray Charles,Hit The Road Jack,https://en.wikipedia.org/wiki/Hit_the_Road_Jack,"r&b, jazz"
156,Ray Charles,One Mint Julep,https://en.wikipedia.org/wiki/One_Mint_Julep,
157,Ray Charles,You Don't Know Me,https://en.wikipedia.org/wiki/You_Don%27t_Know_Me_(Eddy_Arnold_song),
158,Ray Charles,Here We Go Again,https://en.wikipedia.org/wiki/Here_We_Go_Again_(Ray_Charles_song),rhythm and blues
159,Skip and Flip,Cherry Pie,https://en.wikipedia.org/wiki/Cherry_Pie_(Joe_Josea_song),pop
160,Lloyd Price,Lady Luck,,
161,The Crests,Step By Step,,
162,Paul Evans,Happy-Go-Lucky Me,https://en.wikipedia.org/wiki/Mr._Happy_Go_Lucky,
163,Ricky Nelson,Young Emotions,https://en.wikipedia.org/wiki/Young_Emotions,ballad
164,Ricky Nelson,Travelin' Man,https://en.wikipedia.org/wiki/Travelin%27_Man,pop
165,Ricky Nelson,Hello Mary Lou,https://en.wikipedia.org/wiki/Hello_Mary_Lou,rockabilly
166,Ricky Nelson,Young World,https://en.wikipedia.org/wiki/Young_World,
167,Ricky Nelson,Teen Age Idol,https://en.wikipedia.org/wiki/Teen_idol,
168,Ricky Nelson,Fools Rush In,https://en.wikipedia.org/wiki/Fools_Rush_In_(Where_Angels_Fear_to_Tread),
169,Ricky Nelson,For You,https://en.wikipedia.org/wiki/For_You_(Ricky_Nelson_song),
170,Johnny Burnette,Dreamin',https://en.wikipedia.org/wiki/Dreamin%27_(Johnny_Burnette_song),rockabilly
171,Johnny Tillotson,Poetry In Motion,https://en.wikipedia.org/wiki/Poetry_in_Motion_(song),
172,Johnny Tillotson,Without You,,
173,Johnny Tillotson,It Keeps Right On a-Hurtin',https://en.wikipedia.org/wiki/It_Keeps_Right_On_a-Hurtin%27,pop
174,Annette Funicello,O Dio Mio,,
175,Joe Jones,You Talk Too Much,https://en.wikipedia.org/wiki/You_Talk_Too_Much,r&b
176,Johnny and The Hurricanes,Beatnik Fly,,
177,Bob Luman,Let's Think About Livin',https://en.wikipedia.org/wiki/Let%27s_Think_About_Living,rockabilly
178,Guy Mitchell,Heartaches By The Number,https://en.wikipedia.org/wiki/Heartaches_by_the_Number,country
179,Barrett Strong,Money,https://en.wikipedia.org/wiki/Money_(That%27s_What_I_Want),
180,Maurice Williams and the Zodiacs,Stay,https://en.wikipedia.org/wiki/Stay_(Maurice_Williams_song),doo-wop
181,Charlie Rich,Lonely Weekends,,
182,Larry Hall,Sandy,,
183,Bobby Lewis,Tossin' And Turnin',https://en.wikipedia.org/wiki/Tossin%27_and_Turnin%27,r&b
184,Bobby Lewis,One Track Mind,,
185,Patsy Cline,I Fall To Pieces,https://en.wikipedia.org/wiki/I_Fall_to_Pieces,"country, traditional pop"
186,Patsy Cline,She's Got You,https://en.wikipedia.org/wiki/She%27s_Got_You,"country, traditional pop"
187,The Highwaymen,Michael,,
188,The Highwaymen,Cotton Fields,https://en.wikipedia.org/wiki/Cotton_Fields,
189,Del Shannon,Runaway,https://en.wikipedia.org/wiki/Runaway_(Del_Shannon_song),rock and roll
190,Del Shannon,Hats Off To Larry,https://en.wikipedia.org/wiki/Hats_Off_to_Larry,rock and roll
191,Del Shannon,Little Town Flirt,https://en.wikipedia.org/wiki/Little_Town_Flirt,pop rock
192,Del Shannon,Keep Searchin' (We'll Follow the Sun),https://en.wikipedia.org/wiki/Keep_Searchin%27_(We%27ll_Follow_the_Sun),rock and roll
193,The Jive Five,My True Story,https://en.wikipedia.org/wiki/My_True_Story,doo-wop
194,The String-A-Longs,Wheels,https://en.wikipedia.org/wiki/Wheels_(The_String-A-Longs_song),
195,Dee Clark,Raindrops,https://en.wikipedia.org/wiki/Raindrops_(Dee_Clark_song),r&b
196,Joe Dowell,Wooden Heart,https://en.wikipedia.org/wiki/Wooden_Heart,
197,Lawrence Welk,Calcutta,https://en.wikipedia.org/wiki/Calcutta_(song),easy listening
198,The Shirelles,Dedicated To The One I Love,https://en.wikipedia.org/wiki/Dedicated_to_the_One_I_Love,"pop, soul"
199,The Shirelles,Will You Love Me Tomorrow,https://en.wikipedia.org/wiki/Will_You_Love_Me_Tomorrow,r&b
200,The Shirelles,Mama Said,https://en.wikipedia.org/wiki/Mama_Said_(The_Shirelles_song),
201,The Shirelles,Soldier Boy,https://en.wikipedia.org/wiki/Soldier_Boy_(song),r&b
202,The Shirelles,Baby It's You,https://en.wikipedia.org/wiki/Baby_It%27s_You,
203,The Shirelles,Foolish Little Girl,https://en.wikipedia.org/wiki/Foolish_Little_Girl,"r&b, pop, soul"
204,The Mar-Keys,Last Night,https://en.wikipedia.org/wiki/Last_Night_(Mar-Keys_composition),"r&b, instrumental rock"
205,Sue Thompson,Sad Movies (Make Me Cry),https://en.wikipedia.org/wiki/Sad_Movies_(Make_Me_Cry),"pop, easy listening"
206,Sue Thompson,Norman,https://en.wikipedia.org/wiki/Norman_(song),
207,Ernie K-Doe,Mother-In-Law,https://en.wikipedia.org/wiki/Mother-in-law_joke,
208,The Dovells,Bristol Stomp,https://en.wikipedia.org/wiki/Bristol_Stomp,doo-wop
209,The Dovells,You Can't Sit Down,https://en.wikipedia.org/wiki/You_Can%27t_Sit_Down,
210,The Miracles,Shop Around,https://en.wikipedia.org/wiki/Shop_Around,soul
211,The Miracles,You've Really Got a Hold on Me,https://en.wikipedia.org/wiki/You%27ve_Really_Got_a_Hold_on_Me,soul
212,The Miracles,Mickey's Monkey,https://en.wikipedia.org/wiki/The_Miracles_Doin%27_Mickey%27s_Monkey,"soul, pop"
213,The Miracles,The Tracks of My Tears,https://en.wikipedia.org/wiki/The_Tracks_of_My_Tears,soul
214,The Miracles,Ooo Baby Baby,https://en.wikipedia.org/wiki/Ooo_Baby_Baby,"soul, pop"
215,Gene Mcdaniels,A Hundred Pounds Of Clay,https://en.wikipedia.org/wiki/A_Hundred_Pounds_of_Clay,soul
216,Dick and Dee Dee,The Mountain's High,https://en.wikipedia.org/wiki/The_Mountain%27s_High,rock and roll
217,Dick and Dee Dee,Tell Me,https://en.wikipedia.org/wiki/Dick_and_Dee_Dee,
218,Floyd Cramer,On The Rebound,https://en.wikipedia.org/wiki/On_the_Rebound,"folk, world, country"
219,Floyd Cramer,San Antonio Rose,https://en.wikipedia.org/wiki/New_San_Antonio_Rose,
220,Gary U.S. Bonds,Quarter To Three,https://en.wikipedia.org/wiki/Quarter_to_Three,doo-wop
221,Gary U.S. Bonds,School Is Out,,
222,Gary U.S. Bonds,Dear Lady Twist,,
223,Gary U.S. Bonds,"Twist, Twist Senora",,
224,Barry Mann,"Who Put The Bomp (In The Bomp, Bomp, Bomp)","https://en.wikipedia.org/wiki/Who_Put_the_Bomp_(in_the_Bomp,_Bomp,_Bomp)","doo-wop, bubblegum pop (sugaryline version)"
225,Chris Kenner,I Like It Like That,https://en.wikipedia.org/wiki/I_Like_It_Like_That_(Chris_Kenner_song),
226,Jorgen Ingmann,Apache,,
227,Linda Scott,Don't Bet Money Honey,https://en.wikipedia.org/wiki/Don%27t_Bet_Money_Honey,pop
228,Linda Scott,I've Told Every Little Star,https://en.wikipedia.org/wiki/I%27ve_Told_Ev%27ry_Little_Star,pop
229,Ferlin Husky,Wings Of A Dove,https://en.wikipedia.org/wiki/Wings_of_a_Dove_(Bob_Ferguson_song),country
230,Marcels,Blue Moon,https://en.wikipedia.org/wiki/Blue_moon,
231,Shep and The Limelites,Daddy's Home,https://en.wikipedia.org/wiki/Daddy%27s_Home_(song),r&b
232,Troy Shondell,This Time,,
233,"Clarence ""Frogman"" Henry",(I Don't Know Why) But I Do,https://en.wikipedia.org/wiki/(I_Don%27t_Know_Why)_But_I_Do,"r&b, swamp pop, country"
234,Kokomo,Asia Minor,https://en.wikipedia.org/wiki/Asia_Minor_(instrumental),"rock, classical"
235,Faron Young,Hello Walls,https://en.wikipedia.org/wiki/Hello_Walls,country
236,Dion,Runaround Sue,https://en.wikipedia.org/wiki/Runaround_Sue,"doo-wop, rock and roll"
237,Dion,The Wanderer,https://en.wikipedia.org/wiki/The_Wanderer_(Dion_song),"rhythm and blues, pop, rock and roll"
238,Dion,Lovers Who Wander,https://en.wikipedia.org/wiki/Lovers_Who_Wander,rock and roll
239,Dion,Little Diane,https://en.wikipedia.org/wiki/Little_Diane,rock and roll
240,Dion,Ruby Baby,https://en.wikipedia.org/wiki/Ruby_Baby,
241,Dion,Donna the Prima Donna,https://en.wikipedia.org/wiki/Donna_the_Prima_Donna,rock and roll
242,Arthur Lyman,Yellow Bird,,
243,Timi Yuro,Hurt,,
244,The Capris,There's A Moon Out Tonight,https://en.wikipedia.org/wiki/The_Capris,
245,The Paris Sisters,I Love How You Love Me,https://en.wikipedia.org/wiki/I_Love_How_You_Love_Me,pop
246,Lee Dorsey,Ya Ya,https://en.wikipedia.org/wiki/Ya_Ya,"soul, rock and roll"
247,Lee Dorsey,Working In The Coal Mine,https://en.wikipedia.org/wiki/Working_in_the_Coal_Mine,r&b
248,Bob Moore,Mexico,https://en.wikipedia.org/wiki/Mexico_(instrumental),"pop, country"
249,Ral Donner,You Don't Know What You've Got (Until You Lose It),https://en.wikipedia.org/wiki/You_Don%27t_Know_What_You%27ve_Got,
250,The Lettermen,The Way You Look Tonight,https://en.wikipedia.org/wiki/The_Way_You_Look_Tonight,"pop, jazz"
251,The Lettermen,Goin' Out Of My Head / Can't Take My Eyes Off You,https://en.wikipedia.org/wiki/Can%27t_Take_My_Eyes_Off_You,
252,The Lettermen,Hurt So Bad,https://en.wikipedia.org/wiki/Hurt_So_Bad,
253,Pat Boone,Moody River,https://en.wikipedia.org/wiki/Moody_River,country pop
254,Pat Boone,Speedy Gonzales,https://en.wikipedia.org/wiki/Speedy_Gonzales,
255,Adam Wade,Take Good Care Of Her,https://en.wikipedia.org/wiki/Take_Good_Care_of_Her,pop
256,Adam Wade,The Writing On The Wall,https://en.wikipedia.org/wiki/The_Writing_on_the_Wall_(Adam_Wade_song),
257,Carla Thomas,Gee Whiz (Look At His Eyes),,
258,Carla Thomas,B-A-B-Y,https://en.wikipedia.org/wiki/B-A-B-Y,"r&b, pop"
259,Ben E. King,Stand By Me,https://en.wikipedia.org/wiki/Stand_by_Me_(song),"rhythm and blues, soul"
260,Ben E. King,Spanish Harlem,https://en.wikipedia.org/wiki/Spanish_Harlem_(song),soul
261,Ike and Tina Turner,It's Gonna Work Out Fine,https://en.wikipedia.org/wiki/It%27s_Gonna_Work_Out_Fine,"rock & roll, r&b"
262,The Echoes,Baby Blue,,
263,Buzz Clifford,Baby Sittin' Boogie,https://en.wikipedia.org/wiki/Baby_Sittin%27_Boogie,pop
264,Little Caesar and The Romans,Those Oldies But Goodies,,
265,Bert Kaempfert,Wonderland By Night,https://en.wikipedia.org/wiki/Wonderland_by_Night,jazz
266,Bert Kaempfert,Red Roses for a Blue Lady,https://en.wikipedia.org/wiki/Red_Roses_for_a_Blue_Lady,
267,Tony Orlando,Bless You,,
268,Rosie and The Originals,Angel Baby,https://en.wikipedia.org/wiki/Angel_Baby_(Rosie_and_the_Originals_song),doo-wop
269,Curtis Lee,Pretty Little Angel Eyes,https://en.wikipedia.org/wiki/Pretty_Little_Angel_Eyes,"pop, doo-wop"
270,Lonnie Donegan,Does Your Chewing Gum Lose Its Flavour (On The Bedpost Overnight),https://en.wikipedia.org/wiki/Does_Your_Chewing_Gum_Lose_Its_Flavour_(On_the_Bedpost_Overnight%3F),"skiffle, novelty song"
271,Matt Monro,My Kind Of Girl,https://en.wikipedia.org/wiki/My_Kind_of_Girl,
272,Jimmy Dean,Big Bad John,https://en.wikipedia.org/wiki/Big_Bad_John,"country, pop"
273,Jimmy Dean,P.T. 109,https://en.wikipedia.org/wiki/PT-109_(song),pop
274,Eddie Hodges,I'm Gonna Knock On Your Door,https://en.wikipedia.org/wiki/I%27m_Gonna_Knock_on_Your_Door,pop
275,Eddie Hodges,"(Girls, Girls, Girls) Made To Love",,
276,Dave Brubeck,Take Five,https://en.wikipedia.org/wiki/Take_Five,west coast cool jazz
277,Don Gibson,Sea Of Heartbreak,https://en.wikipedia.org/wiki/Sea_of_Heartbreak,country
278,Acker Bilk,Stranger On The Shore,https://en.wikipedia.org/wiki/Stranger_on_the_Shore,easy listening
279,Dee Dee Sharp,Mashed Potato Time,https://en.wikipedia.org/wiki/Mashed_Potato_Time,
280,Dee Dee Sharp,Gravy (For My Mashed Potatoes),,
281,Dee Dee Sharp,Do the Bird,,
282,Bobby Vinton,Roses Are Red (My Love),https://en.wikipedia.org/wiki/Roses_Are_Red_(My_Love),pop
283,Bobby Vinton,Blue Velvet,https://en.wikipedia.org/wiki/Blue_Velvet_(song),traditional pop
284,Bobby Vinton,Blue on Blue,https://en.wikipedia.org/wiki/Blue_on_Blue_(Bobby_Vinton_album),traditional pop
285,Bobby Vinton,There! I've Said It Again,https://en.wikipedia.org/wiki/There!_I%27ve_Said_It_Again,pop
286,Bobby Vinton,Please Love Me Forever,https://en.wikipedia.org/wiki/Please_Love_Me_Forever,pop
287,David Rose,The Stripper,https://en.wikipedia.org/wiki/The_Stripper,jazz
288,Shelley Fabares,Johnny Angel,https://en.wikipedia.org/wiki/Johnny_Angel,
289,Little Eva,The Loco-Motion,https://en.wikipedia.org/wiki/The_Loco-Motion,"pop, rhythm and blues"
290,The Sensations,Let Me In,https://en.wikipedia.org/wiki/Let_Me_In_(The_Sensations_song),
291,Bruce Channel,Hey! Baby,https://en.wikipedia.org/wiki/Hey!_Baby,pop
292,Gene Chandler,Duke Of Earl,https://en.wikipedia.org/wiki/Duke_of_Earl,"soul, doo-wop"
293,Freddy Cannon,Palisades Park,https://en.wikipedia.org/wiki/Palisades_Park_(Freddy_Cannon_song),rock and roll
294,Claude King,Wolverton Mountain,https://en.wikipedia.org/wiki/Wolverton_Mountain,country
295,Mary Wells,The One Who Really Loves You,https://en.wikipedia.org/wiki/The_One_Who_Really_Loves_You,soul
296,Mary Wells,You Beat Me To The Punch,https://en.wikipedia.org/wiki/You_Beat_Me_to_the_Punch,soul
297,Mary Wells,My Guy,https://en.wikipedia.org/wiki/My_Guy,"soul, r&b, pop"
298,Kenny Ball,Midnight In Moscow,,
299,Tommy Roe,Sheila,https://en.wikipedia.org/wiki/Sheila_(Tommy_Roe_song),"pop, rockabilly, lubbock sound"
300,Tommy Roe,Everybody,https://en.wikipedia.org/wiki/Everybody_(Tommy_Roe_song),pop rock
301,Tommy Roe,Hooray for Hazel,https://en.wikipedia.org/wiki/Hooray_for_Hazel,pop rock
302,Tommy Roe,Sweet Pea,https://en.wikipedia.org/wiki/Sweet_Pea_(song),pop rock
303,Tommy Roe,Dizzy,https://en.wikipedia.org/wiki/Dizzy_(Tommy_Roe_song),bubblegum pop
304,The Orlons,The Wah-Watusi,,
305,The Orlons,South Street,,
306,Joey Dee and The Starliters,Peppermint Twist,https://en.wikipedia.org/wiki/Peppermint_Twist,rock and roll
307,Joey Dee and The Starliters,Shout,https://en.wikipedia.org/wiki/Shout_(The_Isley_Brothers_song),
308,The Marvelettes,Playboy,https://en.wikipedia.org/wiki/Playboy_(The_Marvelettes_album),"pop, r&b"
309,Nat King Cole,Ramblin' Rose,https://en.wikipedia.org/wiki/Ramblin%27_Rose,
310,Nat King Cole,Those Lazy-Hazy-Crazy Days of Summer,https://en.wikipedia.org/wiki/Those_Lazy-Hazy-Crazy_Days_of_Summer,"jazz, pop"
311,Nat King Cole,"That Sunday, That Summer","https://en.wikipedia.org/wiki/That_Sunday,_That_Summer",
312,Jay and The Americans,She Cried,https://en.wikipedia.org/wiki/She_Cried,rock
313,Jay and The Americans,Come a Little Bit Closer,https://en.wikipedia.org/wiki/Come_a_Little_Bit_Closer,rock
314,Jay and The Americans,Cara Mia,https://en.wikipedia.org/wiki/Cara_Mia,rock
315,Jay and The Americans,This Magic Moment,https://en.wikipedia.org/wiki/This_Magic_Moment,
316,Ketty Lester,Love Letters,https://en.wikipedia.org/wiki/Love_letter,
317,Claudine Clark,Party Lights,,
318,Bent Fabric,Alley Cat,https://en.wikipedia.org/wiki/Alley_Cat_(song),pop
319,The Isley Brothers,Twist And Shout,https://en.wikipedia.org/wiki/Twist_and_Shout,"rock and roll, r&b"
320,The Isley Brothers,It's Your Thing,https://en.wikipedia.org/wiki/It%27s_Your_Thing,funk
321,Richard Chamberlain,Theme From Dr. Kildare,https://en.wikipedia.org/wiki/Theme_from_Dr._Kildare_(Three_Stars_Will_Shine_Tonight),
322,Ace Cannon,Tuff,https://en.wikipedia.org/wiki/Tuff,
323,Clyde McPhatter,Lover Please,,
324,Barbara George,I Know (You Don't Love Me No More),https://en.wikipedia.org/wiki/I_Know_(You_Don%27t_Love_Me_No_More),r&b
325,Burl Ives,A Little Bitty Tear,https://en.wikipedia.org/wiki/A_Little_Bitty_Tear,"country, pop, nashville sound"
326,Burl Ives,Funny Way Of Laughin',https://en.wikipedia.org/wiki/It%27s_Just_My_Funny_Way_of_Laughin%27,
327,Emilio Pericoli,Al Di La,https://en.wikipedia.org/wiki/Al_di_l%C3%A0,
328,Ernie Maresca,Shout! Shout! (Knock Yourself Out),https://en.wikipedia.org/wiki/Shout!_Shout!_(Knock_Yourself_Out),"rock and roll, doo-wop"
329,Don and Juan,What's Your Name,https://en.wikipedia.org/wiki/What%27s_Your_Name_(Don_and_Juan_song),
330,The Corsairs,Smoky Places,,
331,Booker T. and The M.G.'s,Green Onions,,
332,Booker T. and The M.G.'s,Groovin',https://en.wikipedia.org/wiki/Groovin%27,
333,Booker T. and The M.G.'s,Time Is Tight,https://en.wikipedia.org/wiki/Time_Is_Tight,soul
334,Booker T. and The M.G.'s,Hang 'Em High,https://en.wikipedia.org/wiki/Hang_%27Em_High,
335,Frankie Valli and The Four Seasons,Sherry,https://en.wikipedia.org/wiki/Sherry,
336,Frankie Valli and The Four Seasons,Walk Like A Man,https://en.wikipedia.org/wiki/Walk_Like_a_Man_(The_Four_Seasons_song),rock
337,Joanie Sommers,Johnny Get Angry,,
338,"Dave ""Baby"" Cortez",Rinky Dink,https://en.wikipedia.org/wiki/Rinky_Dink,
339,Henry Mancini,Moon River,https://en.wikipedia.org/wiki/Moon_River,pop
340,Henry Mancini,Days Of Wine and Roses,https://en.wikipedia.org/wiki/Days_of_Wine_and_Roses_(film),
341,Ray Stevens,Ahab The Arab,https://en.wikipedia.org/wiki/Ahab_the_Arab,novelty
342,Ray Stevens,Gitarzan,https://en.wikipedia.org/wiki/Gitarzan,pop
343,Gene Pitney,(The Man Who Shot) Liberty Valance,https://en.wikipedia.org/wiki/The_Man_Who_Shot_Liberty_Valance,
344,Gene Pitney,Town Without Pity,https://en.wikipedia.org/wiki/Town_Without_Pity_(song),
345,Gene Pitney,It Hurts to Be in Love,https://en.wikipedia.org/wiki/It_Hurts_to_Be_in_Love,"rock and roll, pop"
346,Joe Henderson,Snap Your Fingers,https://en.wikipedia.org/wiki/Snap_Your_Fingers,r&b
347,Chris Montez,Let's Dance,https://en.wikipedia.org/wiki/Let%27s_Dance_(Chris_Montez_song),rock and roll
348,Chris Montez,The More I See You,https://en.wikipedia.org/wiki/The_More_I_See_You,
349,Johnny Crawford,Cindy's Birthday,,
350,Barbara Lynn,You'll Lose A Good Thing,https://en.wikipedia.org/wiki/You%27ll_Lose_a_Good_Thing,rhythm & blues
351,The Crystals,Uptown,https://en.wikipedia.org/wiki/Uptown_(The_Crystals_song),
352,The Crystals,Da Doo Ron Ron,https://en.wikipedia.org/wiki/Da_Doo_Ron_Ron,"r&b, pop, doo-wop"
353,The Crystals,Then He Kissed Me,https://en.wikipedia.org/wiki/Then_He_Kissed_Me,"pop, rock"
354,Dickey Lee,Patches,,
355,Dickey Lee,Laurie (Strange Things Happen),,
356,Larry Finnegan,Dear One,https://en.wikipedia.org/wiki/Dear_One_(Larry_Finnegan_song),pop
357,James Darren,Her Royal Majesty,,
358,Walter Brennan,Old Rivers,https://en.wikipedia.org/wiki/Old_Rivers,country
359,Billy Vaughn,A Swingin' Safari,https://en.wikipedia.org/wiki/A_Swingin%27_Safari,
360,Billy Joe and The Checkmates,Percolator (Twist),,
361,Jimmy Soul,Twistin' Matilda,,
362,Jimmy Soul,If You Wanna Be HappyIf You Wanna Be Happy,https://en.wikipedia.org/wiki/If_You_Wanna_Be_Happy,doo-wop
363,Jimmy Smith,Walk On The Wild Side,https://en.wikipedia.org/wiki/Walk_on_the_Wild_Side_(David_and_Bernstein_song),
364,King Curtis,Soul Twist,https://en.wikipedia.org/wiki/Soul_Twist,
365,The Ikettes,I'm Blue (The Gong-Gong Song),https://en.wikipedia.org/wiki/I%27m_Blue_(The_Gong-Gong_Song),"blues, r&b, rock 'n' roll"
366,The Kingston Trio,Where Have All The Flowers Gone?,https://en.wikipedia.org/wiki/Where_Have_All_the_Flowers_Gone%3F,
367,"Peter, Paul and Mary",If I Had A Hammer,https://en.wikipedia.org/wiki/If_I_Had_a_Hammer,folk
368,"Peter, Paul and Mary","Puff, The Magic Dragon","https://en.wikipedia.org/wiki/Puff,_the_Magic_Dragon","folk, pop"
369,"Peter, Paul and Mary",Blowin' In The Wind,https://en.wikipedia.org/wiki/Blowin%27_in_the_Wind,folk
370,"Peter, Paul and Mary",I Dig Rock And Roll Music,https://en.wikipedia.org/wiki/I_Dig_Rock_and_Roll_Music,"folk rock, psychedelic folk"
371,Ronnie and The Hi-lites,I Wish That We Were Married,,
372,The Beach Boys,Surfin' Safari,https://en.wikipedia.org/wiki/Surfin%27_Safari,
373,The Beach Boys,Surfin' U.S.A.,https://en.wikipedia.org/wiki/Surfin%27_U.S.A.,"surf rock, rock and roll"
374,The Beach Boys,Surfer Girl,https://en.wikipedia.org/wiki/Surfer_Girl,"surf rock, rock and roll"
375,The Beach Boys,Shut Down,https://en.wikipedia.org/wiki/Shut_Down_(The_Beach_Boys_song),"hot rod rock, car song"
376,The Beach Boys,I Get Around,https://en.wikipedia.org/wiki/I_Get_Around,"california sound, pop, surf vocal, car song"
377,The Beach Boys,"Help Me, Rhonda","https://en.wikipedia.org/wiki/Help_Me,_Rhonda",rock and roll
378,The Beach Boys,California Girls,https://en.wikipedia.org/wiki/California_Girls,"pop rock, art pop, california sound"
379,The Beach Boys,Good Vibrations,https://en.wikipedia.org/wiki/Good_Vibrations,"psychedelic rock, art pop, acid rock, psychedelic pop, avant-pop, r&b"
380,The Beach Boys,Sloop John B,https://en.wikipedia.org/wiki/Sloop_John_B,"folk rock, chamber pop"
381,The Beach Boys,Barbara Ann,https://en.wikipedia.org/wiki/Barbara_Ann,"rock and roll, doo-wop"
382,Jimmy Gilmer and The Fireballs,Sugar Shack,https://en.wikipedia.org/wiki/Sugar_Shack,"garage rock, rock and roll"
383,Skeeter Davis,The End Of The World,https://en.wikipedia.org/wiki/The_End_of_the_World_(Skeeter_Davis_song),country
384,Skeeter Davis,I Can't Stay Mad at You,https://en.wikipedia.org/wiki/I_Can%27t_Stay_Mad_at_You,"country, girl group"
385,The Cascades,Rhythm Of The Rain,https://en.wikipedia.org/wiki/Rhythm_of_the_Rain,"pop, doo-wop"
386,The Chiffons,He's So Fine,https://en.wikipedia.org/wiki/He%27s_So_Fine,"pop, doo-wop"
387,The Chiffons,One Fine Day,https://en.wikipedia.org/wiki/One_Fine_Day_(song),pop
388,Paul and Paula,Hey Paula,https://en.wikipedia.org/wiki/Hey_Paula_(song),"pop, pop rock"
389,Stevie Wonder,Fingertips,https://en.wikipedia.org/wiki/Fingertips,"r&b, soul"
390,Stevie Wonder,Uptight (Everything's Alright),https://en.wikipedia.org/wiki/Uptight_(Everything%27s_Alright),soul
391,Stevie Wonder,I Was Made To Love Her,https://en.wikipedia.org/wiki/I_Was_Made_to_Love_Her_(song),soul
392,Stevie Wonder,Shoo-Bee-Doo-Be-Doo-Da-Day,https://en.wikipedia.org/wiki/Shoo-Be-Doo-Be-Doo-Da-Day,"r&b, soul"
393,Stevie Wonder,My Cherie Amour,https://en.wikipedia.org/wiki/My_Cherie_Amour_(song),"soul, pop"
394,The Village Stompers,Washington Square,https://en.wikipedia.org/wiki/Washington_Square_(composition),"pop, dixieland jazz, instrumental"
395,The Impressions,It's All Right,https://en.wikipedia.org/wiki/It%27s_All_Right,soul
396,The Impressions,Keep On Pushing,https://en.wikipedia.org/wiki/Keep_On_Pushing,chicago soul
397,The Impressions,I'm So Proud,,
398,The Angels,My Boyfriend's Back,https://en.wikipedia.org/wiki/My_Boyfriend%27s_Back_(song),pop
399,Kyu Sakamoto,Sukiyaki,https://en.wikipedia.org/wiki/Sukiyaki,
400,Lesley Gore,She's A Fool,https://en.wikipedia.org/wiki/She%27s_a_Fool,
401,Lesley Gore,It's My Party,https://en.wikipedia.org/wiki/It%27s_My_Party_(Lesley_Gore_song),"pop, rock, blue-eyed soul"
402,Lesley Gore,Judy's Turn to Cry,https://en.wikipedia.org/wiki/Judy%27s_Turn_to_Cry,"pop, rock"
403,Lesley Gore,You Don't Own Me,https://en.wikipedia.org/wiki/You_Don%27t_Own_Me,"pop, r&b"
404,Lesley Gore,California Nights,https://en.wikipedia.org/wiki/California_Nights,pop
405,The Tymes,So Much In Love,https://en.wikipedia.org/wiki/So_Much_in_Love,doo-wop
406,Dale and Grace,I'm Leaving It Up To You,https://en.wikipedia.org/wiki/I%27m_Leaving_It_Up_to_You,"pop, doo-wop"
407,Nino Tempo and April Stevens,Deep Purple,https://en.wikipedia.org/wiki/Deep_Purple,
408,The Surfaris,Wipe Out,https://en.wikipedia.org/wiki/Wipe_Out_(instrumental),surf rock
409,The Surfaris,Wipe Out,https://en.wikipedia.org/wiki/Wipe_Out_(instrumental),surf rock
410,Al Martino,I Love You Because,https://en.wikipedia.org/wiki/I_Love_You_Because_(song),
411,Al Martino,"Painted, Tainted Rose",,
412,Al Martino,I Love You More and More Every Day,,
413,The Rockin' Rebels,Wild Weekend,,
414,Inez and Charlie Foxx,Mockingbird,https://en.wikipedia.org/wiki/Mockingbird,
415,Little Peggy March,I Will Follow Him,https://en.wikipedia.org/wiki/I_Will_Follow_Him,pop
416,The Chantays,Pipeline,https://en.wikipedia.org/wiki/Pipeline_(instrumental),surf rock
417,Jan and Dean,Surf City,https://en.wikipedia.org/wiki/Surf_City_(song),vocal surf
418,Jan and Dean,Dead Man's Curve,https://en.wikipedia.org/wiki/Dead_Man%27s_Curve_(song),"pop, teenage tragedy, car song"
419,Jan and Dean,The Little Old Lady from Pasadena,https://en.wikipedia.org/wiki/The_Little_Old_Lady_(from_Pasadena),car song
420,Eydie Gorme,Blame It On The Bossa Nova,https://en.wikipedia.org/wiki/Blame_It_on_the_Bossa_Nova,"traditional pop, rock and roll"
421,Martha and The Vandellas,Heat Wave,https://en.wikipedia.org/wiki/Heat_Wave_(Martha_and_the_Vandellas_song),soul
422,Martha and The Vandellas,Come and Get These Memories,https://en.wikipedia.org/wiki/Come_and_Get_These_Memories,soul
423,Martha and The Vandellas,Dancing in the Street,https://en.wikipedia.org/wiki/Dancing_in_the_Street,"rhythm and blues, soul"
424,Martha and The Vandellas,Nowhere to Run,https://en.wikipedia.org/wiki/2048:_Nowhere_to_Run,
425,Martha and The Vandellas,Jimmy Mack,https://en.wikipedia.org/wiki/Jimmy_Mack,soul/pop
426,Randy and The Rainbows,Denise,https://en.wikipedia.org/wiki/Denise_(song),doo-wop
427,The Rooftop Singers,Walk Right In,https://en.wikipedia.org/wiki/Walk_Right_In,"folk, bluegrass"
428,Trini Lopez,If I Had A Hammer,https://en.wikipedia.org/wiki/If_I_Had_a_Hammer,folk rock
429,The Essex,Easier Said Than Done,https://en.wikipedia.org/wiki/Easier_Said_Than_Done,pop
430,Los Indios Tabajaras,Maria Elena,https://en.wikipedia.org/wiki/Mar%C3%ADa_Elena_(song),instrumental
431,Ruby And The Romantics,Our Day Will Come,https://en.wikipedia.org/wiki/Our_Day_Will_Come,r&b
432,Barbara Lewis,Hello Stranger,https://en.wikipedia.org/wiki/Hello_Stranger,r&b
433,Barbara Lewis,Baby I'm Yours,https://en.wikipedia.org/wiki/Baby_I%27m_Yours_(Barbara_Lewis_song),r&b
434,The Ronettes,Be My Baby,https://en.wikipedia.org/wiki/Be_My_Baby,pop
435,Major Lance,The Monkey Time,,
436,Major Lance,"Um, Um, Um, Um, Um, Um","https://en.wikipedia.org/wiki/Um,_Um,_Um,_Um,_Um,_Um",soul
437,The Four Seasons,Candy Girl,https://en.wikipedia.org/wiki/Candy_Girl_(The_Four_Seasons_song),rock
438,The Four Seasons,Rag Doll,https://en.wikipedia.org/wiki/Rag_Doll_(The_Four_Seasons_song),rock
439,The Four Seasons,Dawn (Go Away),https://en.wikipedia.org/wiki/Dawn_(Go_Away),rock
440,The Four Seasons,Ronnie,https://en.wikipedia.org/wiki/Ronnie_(The_Four_Seasons_song),rock
441,Bill Anderson,Still,https://en.wikipedia.org/wiki/Still_(Bill_Anderson_song),country
442,Garnet Mimms and the Enchanters,Cry Baby,https://en.wikipedia.org/wiki/Cry_Baby_(Garnet_Mimms_song),soul blues
443,Lou Christie,Two Faces Have I,https://en.wikipedia.org/wiki/Two_Faces_Have_I,pop
444,Lou Christie,Lightnin' Strikes,https://en.wikipedia.org/wiki/Lou_Christie,
445,Lou Christie,I'm Gonna Make You Mine,https://en.wikipedia.org/wiki/I%27m_Gonna_Make_You_Mine_(Lou_Christie_song),pop
446,Lonnie Mack,"Memphis, Tennessee","https://en.wikipedia.org/wiki/Memphis,_Tennessee",
447,Kai Winding,More,https://en.wikipedia.org/wiki/More_(Theme_from_Mondo_Cane),
448,Bill Pursell,Our Winter Love,https://en.wikipedia.org/wiki/Bill_Pursell,
449,Tony Bennett,I Wanna Be Around,https://en.wikipedia.org/wiki/I_Wanna_Be_Around,
450,The Jaynetts,Sally Go 'Round the Roses,https://en.wikipedia.org/wiki/Sally_Go_%27Round_the_Roses,"r&b, pop"
451,Marvin Gaye,Pride and Joy,https://en.wikipedia.org/wiki/Pride_and_Joy_(Marvin_Gaye_song),rhythm and blues
452,Marvin Gaye,I'll Be Doggone,https://en.wikipedia.org/wiki/I%27ll_Be_Doggone,soul/pop
453,Marvin Gaye,How Sweet It Is (To Be Loved by You),https://en.wikipedia.org/wiki/How_Sweet_It_Is_(To_Be_Loved_by_You),"soul, pop rock"
454,Marvin Gaye,Too Busy Thinking About My Baby,https://en.wikipedia.org/wiki/Too_Busy_Thinking_About_My_Baby,soul
455,Marvin Gaye,That's The Way Love Is,https://en.wikipedia.org/wiki/That%27s_the_Way_Love_Is_(The_Isley_Brothers_song),"soul, psychedelic soul, funk"
456,Marvin Gaye,I Heard It Through The Grapevine,https://en.wikipedia.org/wiki/I_Heard_It_Through_the_Grapevine,"r&b, psychedelic soul"
457,Rufus Thomas,Walking the Dog,https://en.wikipedia.org/wiki/Walking_the_Dog,r&b
458,Ned Miller,From a Jack to a King,https://en.wikipedia.org/wiki/From_a_Jack_to_a_King,country
459,Johnny Mathis,What Will My Mary Say,,
460,Jan Bradley,Mama Didn't Lie,,
461,The Cookies,Don't Say Nothin' Bad (About My Baby),https://en.wikipedia.org/wiki/Don%27t_Say_Nothin%27_Bad_(About_My_Baby),r&b
462,Johnny Cash,Ring of Fire,https://en.wikipedia.org/wiki/Ring_of_Fire,
463,Johnny Cash,A Boy Named Sue,https://en.wikipedia.org/wiki/A_Boy_Named_Sue,"country, talking blues, comedy"
464,Doris Troy,Just One Look,https://en.wikipedia.org/wiki/Just_One_Look_(song),rhythm and blues
465,Allan Sherman,"Hello Muddah, Hello Faddah! (A Letter from Camp)","https://en.wikipedia.org/wiki/Hello_Muddah,_Hello_Fadduh_(A_Letter_from_Camp)",novelty song
466,Rolf Harris,"Tie Me Kangaroo Down, Sport","https://en.wikipedia.org/wiki/Tie_Me_Kangaroo_Down,_Sport",folk/pop
467,Sunny and the Sunglows,Talk to Me,,
468,Bobby Bare,500 Miles,https://en.wikipedia.org/wiki/500_Miles,"country, easy listening"
469,The Beatles,I Want to Hold Your Hand,https://en.wikipedia.org/wiki/I_Want_to_Hold_Your_Hand,"rock and roll, pop, pop rock"
470,The Beatles,She Loves You,https://en.wikipedia.org/wiki/She_Loves_You,"rock and roll, pop"
471,The Beatles,A Hard Day's Night,https://en.wikipedia.org/wiki/A_Hard_Day%27s_Night_(film),
472,The Beatles,Love Me Do,https://en.wikipedia.org/wiki/Love_Me_Do,"merseybeat, pop, r&b"
473,The Beatles,Please Please Me,https://en.wikipedia.org/wiki/Please_Please_Me,"merseybeat, rock and roll, rock, pop"
474,The Beatles,Twist and Shout,https://en.wikipedia.org/wiki/Twist_and_Shout_(album),rock and roll
475,The Beatles,Can't Buy Me Love,https://en.wikipedia.org/wiki/Can%27t_Buy_Me_Love,pop rock
476,The Beatles,Do You Want to Know a Secret,https://en.wikipedia.org/wiki/Do_You_Want_to_Know_a_Secret,pop
477,The Beatles,I Saw Her Standing There,https://en.wikipedia.org/wiki/I_Saw_Her_Standing_There,rock and roll
478,The Beatles,Help!,https://en.wikipedia.org/wiki/Help!_(song),folk rock
479,The Beatles,Ticket to Ride,https://en.wikipedia.org/wiki/Ticket_to_Ride,"power pop, jangle pop, folk rock"
480,The Beatles,Eight Days a Week,https://en.wikipedia.org/wiki/Eight_Days_a_Week,rock
481,The Beatles,We Can Work It Out,https://en.wikipedia.org/wiki/We_Can_Work_It_Out,folk rock
482,The Beatles,Paperback Writer,https://en.wikipedia.org/wiki/Paperback_Writer,"hard rock, power pop, psychedelic rock"
483,The Beatles,Nowhere Man,https://en.wikipedia.org/wiki/Nowhere_Man_(song),folk rock
484,The Beatles,Yellow Submarine,https://en.wikipedia.org/wiki/Yellow_Submarine_(album),"psychedelic rock, orchestral"
485,The Beatles,All You Need Is Love,https://en.wikipedia.org/wiki/All_You_Need_Is_Love,pop
486,The Beatles,Penny Lane,https://en.wikipedia.org/wiki/Penny_Lane,"progressive pop, baroque pop, psychedelic pop, psychedelic rock"
487,The Beatles,Hey Jude,https://en.wikipedia.org/wiki/Hey_Jude_(Beatles_album),rock
488,The Beatles,Lady Madonna,https://en.wikipedia.org/wiki/Lady_Madonna,"rock and roll, rhythm and blues"
489,The Beatles,Revolution,https://en.wikipedia.org/wiki/Revolution_(Beatles_song),hard rock
490,The Beatles,Something,https://en.wikipedia.org/wiki/Something_(Beatles_song),"rock, pop"
491,The Beatles,Come Together,https://en.wikipedia.org/wiki/Come_Together,rock
492,Louis Armstrong,"Hello, Dolly!","https://en.wikipedia.org/wiki/Hello,_Dolly!_(song)","traditional pop, jazz"
493,Dean Martin,Everybody Loves Somebody,https://en.wikipedia.org/wiki/Everybody_Loves_Somebody,traditional pop
494,Dean Martin,The Door Is Still Open to My Heart,https://en.wikipedia.org/wiki/The_Door_Is_Still_Open_to_My_Heart_(album),"traditional pop, country"
495,Gale Garnett,We'll Sing in the Sunshine,https://en.wikipedia.org/wiki/We%27ll_Sing_in_the_Sunshine,folk
496,J. Frank Wilson and the Cavaliers,Last Kiss,https://en.wikipedia.org/wiki/Last_Kiss,
497,The Supremes,Where Did Our Love Go,https://en.wikipedia.org/wiki/Where_Did_Our_Love_Go,"r&b, pop, doo-wop"
498,The Supremes,Baby Love,https://en.wikipedia.org/wiki/Baby_Love,"pop, r&b"
499,The Supremes,Stop! In the Name of Love,https://en.wikipedia.org/wiki/Stop!_In_the_Name_of_Love,"pop, r&b, soul"
500,The Supremes,Back in My Arms Again,https://en.wikipedia.org/wiki/Back_in_My_Arms_Again,"pop, r&b"
501,The Supremes,You Can't Hurry Love,https://en.wikipedia.org/wiki/You_Can%27t_Hurry_Love,"pop, soul, r&b"
502,The Supremes,You Keep Me Hangin' On,https://en.wikipedia.org/wiki/You_Keep_Me_Hangin%27_On,"soul, pop"
503,The Supremes,My World Is Empty Without You,https://en.wikipedia.org/wiki/My_World_Is_Empty_Without_You,"baroque pop, soul"
504,The Supremes,Love Is Here And Now You're Gone,https://en.wikipedia.org/wiki/Love_Is_Here_and_Now_You%27re_Gone,"pop, r&b"
505,The Supremes,The Happening,https://en.wikipedia.org/wiki/The_Happening_(song),pop
506,The Supremes,Reflections,https://en.wikipedia.org/wiki/Reflections_(The_Supremes_song),"psychedelic pop, psychedelic soul"
507,The Supremes,Love Child,https://en.wikipedia.org/wiki/Love_Child_(The_Supremes_album),"pop, r&b"
508,Barbra Streisand,People,https://en.wikipedia.org/wiki/People_(Barbra_Streisand_song),
509,Al Hirt,Java,https://en.wikipedia.org/wiki/Java_(instrumental),jazz
510,Al Hirt,Cotton Candy,https://en.wikipedia.org/wiki/Cotton_candy,
511,Manfred Mann,Do Wah Diddy Diddy,https://en.wikipedia.org/wiki/Do_Wah_Diddy_Diddy,pop rock
512,Manfred Mann,The Mighty Quinn,https://en.wikipedia.org/wiki/Quinn_the_Eskimo_(Mighty_Quinn),rock
513,Billy J. Kramer and The Dakotas,Little Children,https://en.wikipedia.org/wiki/Little_Children_(song),"pop, beat"
514,Billy J. Kramer and The Dakotas,Bad to Me,https://en.wikipedia.org/wiki/Bad_to_Me,"pop, beat"
515,The Ray Charles Singers,Love Me with All Your Heart (Cuando Calienta El Sol),https://en.wikipedia.org/wiki/Love_Me_with_All_Your_Heart,doo-wop
516,The Dixie Cups,Chapel of Love,https://en.wikipedia.org/wiki/Chapel_of_Love,"pop, r&b, soul"
517,Terry Stafford,Suspicion,https://en.wikipedia.org/wiki/Suspicion_(Terry_Stafford_song),rockabilly
518,The Dave Clark Five,Because,https://en.wikipedia.org/wiki/Because_(The_Dave_Clark_Five_song),pop rock
519,The Dave Clark Five,Can't You See That She's Mine,https://en.wikipedia.org/wiki/Can%27t_You_See_That_She%27s_Mine,beat
520,The Dave Clark Five,Do You Love Me,https://en.wikipedia.org/wiki/Do_You_Love_Me,
521,The Newbeats,Bread and Butter,https://en.wikipedia.org/wiki/Bread_and_Butter_(The_Newbeats_song),pop
522,Peter and Gordon,A World Without Love,https://en.wikipedia.org/wiki/A_World_Without_Love,pop
523,Peter and Gordon,I Go to Pieces,https://en.wikipedia.org/wiki/I_Go_to_Pieces,merseybeat
524,Peter and Gordon,True Love Ways,https://en.wikipedia.org/wiki/True_Love_Ways,
525,Peter and Gordon,Lady Godiva,https://en.wikipedia.org/wiki/Lady_Godiva,
526,Peter and Gordon,Woman,https://en.wikipedia.org/wiki/Woman_(Paul_McCartney_song),folk rock
527,The Honeycombs,Have I the Right?,https://en.wikipedia.org/wiki/Have_I_the_Right%3F,pop
528,The Serendipity Singers,Don't Let the Rain Come Down (Crooked Little Man),https://en.wikipedia.org/wiki/Don%27t_Let_the_Rain_Come_Down_(Crooked_Little_Man),"folk, calypso"
529,Betty Everett and Jerry Butler,Let It Be Me,https://en.wikipedia.org/wiki/Let_It_Be_Me_(The_Everly_Brothers_song),r&b
530,Dusty Springfield,Wishin' and Hopin',https://en.wikipedia.org/wiki/Wishin%27_and_Hopin%27,pop
531,Dusty Springfield,You Don't Have To Say You Love Me,https://en.wikipedia.org/wiki/You_Don%27t_Have_to_Say_You_Love_Me,traditional pop
532,Dionne Warwick,Walk On By,https://en.wikipedia.org/wiki/Walk_On_By_(song),"soul, pop"
533,Dionne Warwick,Anyone Who Had a Heart,https://en.wikipedia.org/wiki/Anyone_Who_Had_a_Heart_(song),"soul, pop"
534,Dionne Warwick,Message To Michael,https://en.wikipedia.org/wiki/Message_to_Michael,"soul, pop, adult contemporary"
535,Dionne Warwick,Alfie,https://en.wikipedia.org/wiki/Alfie_(song),"soul, pop"
536,Dionne Warwick,(Theme From) Valley Of The Dolls,https://en.wikipedia.org/wiki/Dionne_Warwick_in_Valley_of_the_Dolls,"pop, r&b"
537,Dionne Warwick,Do You Know The Way To San Jose,https://en.wikipedia.org/wiki/Do_You_Know_the_Way_to_San_Jose,"soul, pop"
538,Dionne Warwick,This Girl's In Love With You,https://en.wikipedia.org/wiki/This_Girl%27s_in_Love_with_You,
539,The Animals,The House of the Rising Sun,https://en.wikipedia.org/wiki/The_House_of_the_Rising_Sun,rock
540,The Animals,We Gotta Get out of This Place,https://en.wikipedia.org/wiki/We_Gotta_Get_out_of_This_Place,rock
541,The Animals,Sky Pilot,https://en.wikipedia.org/wiki/Sky_Pilot_(song),"psychedelic rock, acid rock"
542,Ronny and the Daytonas,G.T.O.,https://en.wikipedia.org/wiki/GTO_(Ronny_%26_the_Daytonas_song),
543,Johnny Rivers,Memphis,"https://en.wikipedia.org/wiki/Memphis,_Tennessee",
544,Johnny Rivers,The Seventh Son,https://en.wikipedia.org/wiki/The_Seventh_Son,"rock and roll, rhythm and blues"
545,Johnny Rivers,Poor Side of Town,https://en.wikipedia.org/wiki/Poor_Side_of_Town,"rock and roll, blue-eyed soul"
546,Johnny Rivers,Secret Agent Man,https://en.wikipedia.org/wiki/Secret_Agent_Man_(song),rock and roll
547,Johnny Rivers,Baby I Need Your Lovin',https://en.wikipedia.org/wiki/Baby_I_Need_Your_Loving,"r&b, soul, rock, folk"
548,Danny Williams,White On White,https://en.wikipedia.org/wiki/White_on_White,
549,The Rip Chords,Hey Little Cobra,https://en.wikipedia.org/wiki/Hey_Little_Cobra,"hot rod rock, car song"
550,Betty Everett,The Shoop Shoop Song (It's in His Kiss),https://en.wikipedia.org/wiki/The_Shoop_Shoop_Song_(It%27s_in_His_Kiss),"r&b, soul, pop"
551,Millie Small,My Boy Lollipop,https://en.wikipedia.org/wiki/My_Boy_Lollipop,"pop, ska"
552,Gerry and the Pacemakers,Don't Let the Sun Catch You Crying,https://en.wikipedia.org/wiki/Don%27t_Let_the_Sun_Catch_You_Crying,"merseybeat, pop"
553,Gerry and the Pacemakers,How Do You Do It?,https://en.wikipedia.org/wiki/How_Do_You_Do_It%3F,merseybeat
554,Gerry and the Pacemakers,Ferry Cross the Mersey,https://en.wikipedia.org/wiki/Ferry_Cross_the_Mersey,"merseybeat, pop"
555,Chad and Jeremy,A Summer Song,https://en.wikipedia.org/wiki/A_Summer_Song,pop
556,Stan Getz and Astrud Gilberto,The Girl from Ipanema,https://en.wikipedia.org/wiki/The_Girl_from_Ipanema,"bossa nova, jazz"
557,The Shangri-Las,Remember (Walking in the Sand),https://en.wikipedia.org/wiki/Remember_(Walking_in_the_Sand),pop
558,The Shangri-Las,Leader of the Pack,https://en.wikipedia.org/wiki/Leader_of_the_Pack,"pop, teen tragedy, rock and roll"
559,Bobby Freeman,C'mon and Swim,,
560,The Four Tops,Baby I Need Your Loving,https://en.wikipedia.org/wiki/Baby_I_Need_Your_Loving,"soul, pop"
561,Diane Renay,Navy Blue,https://en.wikipedia.org/wiki/Navy_Blue_(song),"pop, mor"
562,The Bachelors,Diane,https://en.wikipedia.org/wiki/Diane_(1927_song),
563,The Marketts,Out of Limits,https://en.wikipedia.org/wiki/Out_of_Limits,surf rock
564,The Hondells,Little Honda,https://en.wikipedia.org/wiki/The_Hondells,
565,Bobby Goldsboro,See the Funny Little Clown,https://en.wikipedia.org/wiki/See_the_Funny_Little_Clown,traditional pop
566,Bobby Goldsboro,Little Things,https://en.wikipedia.org/wiki/Little_Things_(Bobby_Goldsboro_song),pop
567,Bobby Goldsboro,Honey,https://en.wikipedia.org/wiki/Honey_(Bobby_Goldsboro_song),country
568,The Reflections,(Just Like) Romeo and Juliet,https://en.wikipedia.org/wiki/(Just_Like)_Romeo_and_Juliet,"pop, doo-wop"
569,The New Christy Minstrels,Today,,
570,Joe Hinton,Funny How Time Slips Away,https://en.wikipedia.org/wiki/Funny_How_Time_Slips_Away,
571,The Temptations,The Way You Do the Things You Do,https://en.wikipedia.org/wiki/The_Way_You_Do_the_Things_You_Do,"soul, doo-wop, r&b, pop"
572,The Temptations,My Girl,https://en.wikipedia.org/wiki/My_Girl_(The_Temptations_song),"soul, r&b"
573,The Temptations,Ain't Too Proud to Beg,https://en.wikipedia.org/wiki/Ain%27t_Too_Proud_to_Beg,"soul, r&b"
574,The Temptations,Beauty Is Only Skin Deep,https://en.wikipedia.org/wiki/Beauty_Is_Only_Skin_Deep,r&b
575,The Temptations,You're My Everything,https://en.wikipedia.org/wiki/You%27re_My_Everything_(The_Temptations_song),soul
576,The Temptations,I Wish It Would Rain,https://en.wikipedia.org/wiki/I_Wish_It_Would_Rain,soul blues
577,The Temptations,I Can't Get Next To You,https://en.wikipedia.org/wiki/I_Can%27t_Get_Next_to_You,"funk, psychedelic soul"
578,The Temptations,"Run Away Child, Running Wild","https://en.wikipedia.org/wiki/Runaway_Child,_Running_Wild",psychedelic soul
579,The Trashmen,Surfin' Bird,https://en.wikipedia.org/wiki/Surfin%27_Bird,"surf rock, garage rock"
580,The Tams,What Kind of Fool (Do You Think I Am),https://en.wikipedia.org/wiki/What_Kind_of_Fool_(Do_You_Think_I_Am),r&b
581,The Kinks,You Really Got Me,https://en.wikipedia.org/wiki/You_Really_Got_Me,"hard rock, garage rock"
582,The Kinks,Tired of Waiting for You,https://en.wikipedia.org/wiki/Tired_of_Waiting_for_You,rock
583,The Kinks,All Day and All of the Night,https://en.wikipedia.org/wiki/All_Day_and_All_of_the_Night,"garage rock, hard rock, proto-punk"
584,Sammy Davis Jr.,The Shelter of Your Arms,https://en.wikipedia.org/wiki/The_Shelter_of_Your_Arms,jazz
585,Sammy Davis Jr.,I've Gotta Be Me,https://en.wikipedia.org/wiki/I%27ve_Gotta_Be_Me,traditional pop
586,The Jelly Beans,I Wanna Love Him So Bad,,
587,Roger Miller,Chug-a-Lug,https://en.wikipedia.org/wiki/Chug-a-Lug_(Roger_Miller_song),country
588,Roger Miller,Dang Me,https://en.wikipedia.org/wiki/Dang_Me,country
589,Roger Miller,King of the Road,https://en.wikipedia.org/wiki/King_of_the_Road_(song),country
590,Nancy Wilson,(You Don't Know) How Glad I Am,https://en.wikipedia.org/wiki/(You_Don%27t_Know)_How_Glad_I_Am,easy listening
591,The Kingsmen,Money (That's What I Want),https://en.wikipedia.org/wiki/Money_(That%27s_What_I_Want),
592,The Kingsmen,Louie Louie,https://en.wikipedia.org/wiki/Louie_Louie,garage rock
593,The Kingsmen,The Jolly Green Giant,,
594,The Searchers,Don't Throw Your Love Away,https://en.wikipedia.org/wiki/Don%27t_Throw_Your_Love_Away,merseybeat
595,The Searchers,Needles and Pins,https://en.wikipedia.org/wiki/Needles_and_Pins_(song),"jangle pop, merseybeat, british rock and roll"
596,The Searchers,Love Potion No. 9,https://en.wikipedia.org/wiki/Love_Potion_No._9_(song),rock and roll
597,Tommy Tucker,Hi-Heel Sneakers,https://en.wikipedia.org/wiki/Hi-Heel_Sneakers,blues
598,Robert Maxwell,Shangri-La,https://en.wikipedia.org/wiki/Shangri-La,
599,Jumpin' Gene Simmons,Haunted House,https://en.wikipedia.org/wiki/Haunted_house,
600,Jimmy Hughes,Steal Away,https://en.wikipedia.org/wiki/Steal_Away,
601,Sam the Sham and the Pharaohs,Wooly Bully,https://en.wikipedia.org/wiki/Wooly_Bully,"rock and roll, garage rock"
602,Sam the Sham and the Pharaohs,Li'l Red Riding Hood,https://en.wikipedia.org/wiki/Li%27l_Red_Riding_Hood,garage rock
603,Four Tops,I Can't Help Myself (Sugar Pie Honey Bunch),https://en.wikipedia.org/wiki/I_Can%27t_Help_Myself_(Sugar_Pie_Honey_Bunch),"soul, pop"
604,Four Tops,It's the Same Old Song,https://en.wikipedia.org/wiki/It%27s_the_Same_Old_Song,"soul, pop"
605,Four Tops,Reach Out I'll Be There,https://en.wikipedia.org/wiki/Reach_Out_I%27ll_Be_There,soul
606,Four Tops,Bernadette,https://en.wikipedia.org/wiki/Bernadette_(Four_Tops_song),"soul, pop"
607,The Rolling Stones,(I Can't Get No) Satisfaction,https://en.wikipedia.org/wiki/(I_Can%27t_Get_No)_Satisfaction,"rock, hard rock"
608,The Rolling Stones,The Last Time,https://en.wikipedia.org/wiki/The_Last_Time_(The_Rolling_Stones_song),"rock, blues rock"
609,The Rolling Stones,"Paint It, Black",https://en.wikipedia.org/wiki/Paint_It_Black,"psychedelic rock, raga rock"
610,The Rolling Stones,19th Nervous Breakdown,https://en.wikipedia.org/wiki/19th_Nervous_Breakdown,"hard rock, rhythm and blues, psychedelic rock"
611,The Rolling Stones,Ruby Tuesday,https://en.wikipedia.org/wiki/Ruby_Tuesday_(song),baroque pop
612,The Rolling Stones,Jumpin' Jack Flash,https://en.wikipedia.org/wiki/Jumpin%27_Jack_Flash,"hard rock, blues rock, rock and roll"
613,The Rolling Stones,Honky Tonk Women,https://en.wikipedia.org/wiki/Honky_Tonk_Women,"hard rock, rock and roll"
614,We Five,You Were on My Mind,https://en.wikipedia.org/wiki/You_Were_on_My_Mind,pop rock
615,The Righteous Brothers,You've Lost That Lovin' Feelin',https://en.wikipedia.org/wiki/You%27ve_Lost_That_Lovin%27_Feelin%27,"pop, r&b, blue-eyed soul"
616,The Righteous Brothers,Unchained Melody,https://en.wikipedia.org/wiki/Unchained_Melody,blue-eyed soul
617,The Righteous Brothers,Just Once in My Life,https://en.wikipedia.org/wiki/Just_Once_in_My_Life,blue-eyed soul
618,The Righteous Brothers,(You're My) Soul and Inspiration,https://en.wikipedia.org/wiki/(You%27re_My)_Soul_and_Inspiration,"pop, rock and roll, blue-eyed soul"
619,Petula Clark,Downtown,https://en.wikipedia.org/wiki/Downtown_(Petula_Clark_song),soul
620,Petula Clark,I Know a Place,https://en.wikipedia.org/wiki/I_Know_a_Place_(Petula_Clark_album),pop
621,Petula Clark,My Love,https://en.wikipedia.org/wiki/My_Love_(Petula_Clark_song),pop
622,Petula Clark,This Is My Song,https://en.wikipedia.org/wiki/This_Is_My_Song_(1967_song),pop
623,Petula Clark,Don't Sleep In The Subway,https://en.wikipedia.org/wiki/Don%27t_Sleep_in_the_Subway,pop
624,Herman's Hermits,Can't You Hear My Heartbeat,https://en.wikipedia.org/wiki/Can%27t_You_Hear_My_Heartbeat,pop rock
625,Herman's Hermits,"Mrs. Brown, You've Got a Lovely Daughter","https://en.wikipedia.org/wiki/Mrs._Brown,_You%27ve_Got_a_Lovely_Daughter","beat, pop"
626,Herman's Hermits,Silhouettes,https://en.wikipedia.org/wiki/Silhouette,
627,Herman's Hermits,"I'm Henry the Eighth, I Am","https://en.wikipedia.org/wiki/I%27m_Henery_the_Eighth,_I_Am","beat, pop"
628,Herman's Hermits,Wonderful World,https://en.wikipedia.org/wiki/Wonderful_World_(Sam_Cooke_song),beat
629,Herman's Hermits,Dandy,https://en.wikipedia.org/wiki/Dandy,
630,Herman's Hermits,There's A Kind Of Hush,https://en.wikipedia.org/wiki/There%27s_a_Kind_of_Hush,baroque pop
631,Jewel Akens,The Birds and the Bees,https://en.wikipedia.org/wiki/The_Birds_and_the_Bees_(Jewel_Akens_song),"pop, easy listening"
632,Mel Carter,"Hold Me, Thrill Me, Kiss Me","https://en.wikipedia.org/wiki/Hold_Me,_Thrill_Me,_Kiss_Me","pop music, soul"
633,Junior Walker and the All Stars,Shotgun,https://en.wikipedia.org/wiki/Shotgun_(Junior_Walker_%26_the_All_Stars_song),soul
634,Sonny and Cher,I Got You Babe,https://en.wikipedia.org/wiki/I_Got_You_Babe,pop
635,Sonny and Cher,Baby Don't Go,https://en.wikipedia.org/wiki/Baby_Don%27t_Go,pop rock
636,Sonny and Cher,The Beat Goes On,https://en.wikipedia.org/wiki/The_Beat_Goes_On_(Sonny_%26_Cher_song),pop
637,Gary Lewis and The Playboys,This Diamond Ring,https://en.wikipedia.org/wiki/This_Diamond_Ring,pop rock
638,Gary Lewis and The Playboys,Save Your Heart for Me,https://en.wikipedia.org/wiki/Save_Your_Heart_for_Me,pop
639,Gary Lewis and The Playboys,Count Me In,https://en.wikipedia.org/wiki/Gary_Lewis_%26_the_Playboys,
640,Gary Lewis and The Playboys,She's Just My Style,https://en.wikipedia.org/wiki/She%27s_Just_My_Style,"pop rock, surf"
641,Gary Lewis and The Playboys,Sealed With A Kiss,https://en.wikipedia.org/wiki/Sealed_with_a_Kiss,pop
642,Ramsey Lewis Trio,The 'In' Crowd,https://en.wikipedia.org/wiki/The_IT_Crowd,
643,The Seekers,I'll Never Find Another You,https://en.wikipedia.org/wiki/I%27ll_Never_Find_Another_You,
644,The Seekers,Georgy Girl,https://en.wikipedia.org/wiki/Georgy_Girl_(song),"pop rock, folk"
645,The Byrds,Mr. Tambourine Man,https://en.wikipedia.org/wiki/Mr._Tambourine_Man,"folk rock, jangle pop"
646,Sounds Orchestral,Cast Your Fate to the Wind,https://en.wikipedia.org/wiki/Cast_Your_Fate_to_the_Wind,jazz rock
647,Barbara Mason,"Yes, I'm Ready","https://en.wikipedia.org/wiki/Yes,_I%27m_Ready","soul, r&b, pop"
648,Tom Jones,What's New Pussycat?,https://en.wikipedia.org/wiki/What%27s_New_Pussycat%3F_(song),"pop, vaudeville, bubblegum"
649,Tom Jones,It's Not Unusual,https://en.wikipedia.org/wiki/It%27s_Not_Unusual,pop
650,Tom Jones,"Green, Green Grass Of Home","https://en.wikipedia.org/wiki/Green,_Green_Grass_of_Home","country, schlager"
651,Tom Jones,Delilah,https://en.wikipedia.org/wiki/Delilah_(Tom_Jones_song),"pop, schlager"
652,Tom Jones,I'll Never Fall In Love Again,https://en.wikipedia.org/wiki/I%27ll_Never_Fall_in_Love_Again_(Lonnie_Donegan_song),
653,Tom Jones,Love Me Tonight,https://en.wikipedia.org/wiki/Love_Me_Tonight,
654,Barry McGuire,Eve of Destruction,https://en.wikipedia.org/wiki/Eve_of_Destruction_(song),folk rock
655,The McCoys,Hang On Sloopy,https://en.wikipedia.org/wiki/Hang_On_Sloopy,garage rock
656,James Brown,Papa's Got a Brand New Bag,https://en.wikipedia.org/wiki/Papa%27s_Got_a_Brand_New_Bag,"soul, funk, rhythm and blues"
657,James Brown,Mother Popcorn (Part I),https://en.wikipedia.org/wiki/Mother_Popcorn,funk
658,Wayne Fontana and The Mindbenders,Game of Love,https://en.wikipedia.org/wiki/The_Game_of_Love_(Wayne_Fontana_song),"beat, garage rock, blues rock"
659,Shirley Ellis,The Name Game,https://en.wikipedia.org/wiki/The_Name_Game,"r&b, novelty"
660,Patti Page,"Hush, Hush, Sweet Charlotte","https://en.wikipedia.org/wiki/Hush%E2%80%A6_Hush,_Sweet_Charlotte",
661,Bob Dylan,Like a Rolling Stone,https://en.wikipedia.org/wiki/Like_a_Rolling_Stone,folk rock
662,Bob Dylan,Rainy Day Women #12 And 35,https://en.wikipedia.org/wiki/Rainy_Day_Women_%E2%99%AF12_%26_35,"blues rock, jazz"
663,Bob Dylan,Lay Lady Lay,https://en.wikipedia.org/wiki/Lay_Lady_Lay,country rock
664,Freddie and the Dreamers,I'm Telling You Now,https://en.wikipedia.org/wiki/I%27m_Telling_You_Now,beat
665,Horst Jankowski,A Walk in the Black Forest,,
666,The Yardbirds,For Your Love,https://en.wikipedia.org/wiki/For_Your_Love,pop rock
667,The Yardbirds,Heart Full of Soul,https://en.wikipedia.org/wiki/Heart_Full_of_Soul,raga rock
668,The Yardbirds,Shapes Of Things,https://en.wikipedia.org/wiki/Shapes_of_Things,psychedelic rock
669,The Moody Blues,Go Now,https://en.wikipedia.org/wiki/Go_Now,
670,Shirley Bassey,Goldfinger,https://en.wikipedia.org/wiki/Goldfinger_(Shirley_Bassey_song),"pop, orchestral pop, r&b"
671,Billy Joe Royal,Down in the Boondocks,https://en.wikipedia.org/wiki/Down_in_the_Boondocks_(song),"country, rock, beat"
672,Glenn Yarbrough,Baby the Rain Must Fall,https://en.wikipedia.org/wiki/Baby_the_Rain_Must_Fall,
673,The Beau Brummels,Just a Little,https://en.wikipedia.org/wiki/Just_a_Little_(The_Beau_Brummels_song),"garage rock, folk rock"
674,The Beau Brummels,"Laugh, Laugh","https://en.wikipedia.org/wiki/Laugh,_Laugh","garage rock, folk rock, pop rock"
675,Ian Whitcomb,You Turn Me On,https://en.wikipedia.org/wiki/You_Turn_Me_On,
676,Jackie DeShannon,What the World Needs Now Is Love,https://en.wikipedia.org/wiki/What_the_World_Needs_Now_Is_Love,"folk rock, jazz, soul"
677,Jackie DeShannon,Put A Little Love In Your Heart,https://en.wikipedia.org/wiki/Put_a_Little_Love_in_Your_Heart,pop
678,Sir Douglas Quintet,She's About a Mover,https://en.wikipedia.org/wiki/She%27s_About_a_Mover,"garage rock, tex-mex"
679,The Turtles,It Ain't Me Babe,https://en.wikipedia.org/wiki/It_Ain%27t_Me_Babe,
680,The Turtles,Happy Together,https://en.wikipedia.org/wiki/Happy_Together_(The_Turtles_album),"sunshine pop, folk rock, psychedelic rock, psychedelic pop"
681,The Turtles,She'd Rather Be With Me,https://en.wikipedia.org/wiki/She%27d_Rather_Be_with_Me,sunshine pop
682,The Turtles,Elenore,https://en.wikipedia.org/wiki/Elenore,sunshine pop
683,The Turtles,You Showed Me,https://en.wikipedia.org/wiki/You_Showed_Me,psychedelic pop
684,The Zombies,Tell Her No,https://en.wikipedia.org/wiki/Tell_Her_No,pop rock
685,Vic Dana,Red Roses for a Blue Lady,https://en.wikipedia.org/wiki/Red_Roses_for_a_Blue_Lady,
686,Patty Duke,Don't Just Stand There,https://en.wikipedia.org/wiki/Don%27t_Just_Stand_There,
687,The Fortunes,You've Got Your Troubles,https://en.wikipedia.org/wiki/You%27ve_Got_Your_Troubles,pop
688,Joe Tex,Hold What You've Got,https://en.wikipedia.org/wiki/Hold_What_You%27ve_Got,rhythm and blues
689,The Lovin' Spoonful,Do You Believe in Magic,https://en.wikipedia.org/wiki/Do_You_Believe_in_Magic_(song),"folk rock, sunshine pop"
690,The Lovin' Spoonful,Summer In The City,https://en.wikipedia.org/wiki/Summer_in_the_City,"pop rock, psychedelic pop"
691,The Lovin' Spoonful,Daydream,https://en.wikipedia.org/wiki/Daydream_(The_Lovin%27_Spoonful_song),folk rock
692,The Lovin' Spoonful,Did You Ever Have to Make Up Your Mind?,https://en.wikipedia.org/wiki/Did_You_Ever_Have_to_Make_Up_Your_Mind%3F,folk rock
693,Cher,All I Really Want to Do,https://en.wikipedia.org/wiki/All_I_Really_Want_to_Do,"pop, folk rock"
694,Cher,Bang Bang (My Baby Shot Me Down),https://en.wikipedia.org/wiki/Bang_Bang_(My_Baby_Shot_Me_Down),folk rock
695,Little Anthony and the Imperials,Take Me Back,https://en.wikipedia.org/wiki/Take_Me_Back_(Imperials_song),
696,The Strangeloves,I Want Candy,https://en.wikipedia.org/wiki/I_Want_Candy,
697,Sonny,Laugh at Me,https://en.wikipedia.org/wiki/Laugh_at_Me,psychedelic pop
698,Roy Head,Treat Her Right,https://en.wikipedia.org/wiki/Treat_Her_Right_(Roy_Head_song),soul
699,Jack Jones,The Race Is On,https://en.wikipedia.org/wiki/The_Race_Is_On,easy listening
700,"Dino, Desi and Billy",I'm a Fool,https://en.wikipedia.org/wiki/I%27m_a_Fool,
701,The Ad Libs,The Boy from New York City,https://en.wikipedia.org/wiki/The_Boy_from_New_York_City,soul
702,SSgt Barry Sadler,Ballad of the Green Berets,https://en.wikipedia.org/wiki/Ballad_of_the_Green_Berets,"country, folk, pop"
703,The Association,Cherish,https://en.wikipedia.org/wiki/Cherish_(The_Association_song),pop
704,The Association,Windy,https://en.wikipedia.org/wiki/Windy,sunshine pop
705,The Association,Never My Love,https://en.wikipedia.org/wiki/Never_My_Love,"baroque pop, sunshine pop, psychedelic pop"
706,? and the Mysterians,96 Tears,https://en.wikipedia.org/wiki/96_Tears,"garage rock, pop rock, psychedelic rock"
707,The Monkees,Last Train to Clarksville,https://en.wikipedia.org/wiki/Last_Train_to_Clarksville,rock
708,The Monkees,I'm A Believer,https://en.wikipedia.org/wiki/I%27m_a_Believer,pop rock
709,The Monkees,"A Little Bit You, A Little Bit Me","https://en.wikipedia.org/wiki/A_Little_Bit_Me,_a_Little_Bit_You",pop rock
710,The Monkees,Pleasant Valley Sunday,https://en.wikipedia.org/wiki/Pleasant_Valley_Sunday,"rock, psychedelic rock, psychedelic pop"
711,The Monkees,Daydream Believer,https://en.wikipedia.org/wiki/Daydream_Believer,psychedelic pop
712,The Mamas and The Papas,"Monday, Monday","https://en.wikipedia.org/wiki/Monday,_Monday","sunshine pop, folk rock"
713,The Mamas and The Papas,California Dreamin',https://en.wikipedia.org/wiki/California_Dreamin%27,"sunshine pop, folk rock"
714,The Mamas and The Papas,Dedicated To The One I Love,https://en.wikipedia.org/wiki/Dedicated_to_the_One_I_Love,pop
715,Roger Williams,Born Free,https://en.wikipedia.org/wiki/Born_Free,
716,Nancy Sinatra,These Boots Are Made for Walkin',https://en.wikipedia.org/wiki/These_Boots_Are_Made_for_Walkin%27,"pop rock, country rock"
717,Jimmy Ruffin,What Becomes of the Brokenhearted,https://en.wikipedia.org/wiki/What_Becomes_of_the_Brokenhearted,soul
718,Frank Sinatra,Strangers in the Night,https://en.wikipedia.org/wiki/Strangers_in_the_Night,traditional pop
719,The Young Rascals,Good Lovin',https://en.wikipedia.org/wiki/Good_Lovin%27,"rhythm and blues, blue-eyed soul"
720,The Young Rascals,Groovin',https://en.wikipedia.org/wiki/Groovin%27,"r&b, blue-eyed soul"
721,The Young Rascals,I've Been Lonely Too Long,,
722,The Young Rascals,How Can I Be Sure,https://en.wikipedia.org/wiki/How_Can_I_Be_Sure,"blue-eyed soul, pop"
723,The New Vaudeville Band,Winchester Cathedral,https://en.wikipedia.org/wiki/Winchester_Cathedral,
724,Tommy James and The Shondells,Hanky Panky,https://en.wikipedia.org/wiki/Hanky_Panky_(Tommy_James_and_the_Shondells_song),garage rock
725,Tommy James and The Shondells,I Think We're Alone Now,https://en.wikipedia.org/wiki/I_Think_We%27re_Alone_Now,
726,Tommy James and The Shondells,Mirage,https://en.wikipedia.org/wiki/Mirage,
727,Tommy James and The Shondells,"Mony, Mony",https://en.wikipedia.org/wiki/Mony_Mony,"rock, pop rock"
728,Tommy James and The Shondells,Crimson And Clover,https://en.wikipedia.org/wiki/Crimson_and_Clover,"psychedelic pop, psychedelic rock"
729,Tommy James and The Shondells,Crystal Blue Persuasion,https://en.wikipedia.org/wiki/Crystal_Blue_Persuasion,blue-eyed soul
730,Percy Sledge,When a Man Loves a Woman,https://en.wikipedia.org/wiki/When_a_Man_Loves_a_Woman_(film),
731,Percy Sledge,Take Time To Know Her,https://en.wikipedia.org/wiki/Take_Time_to_Know_Her,
732,The Troggs,Wild Thing,https://en.wikipedia.org/wiki/Wild_Thing_(The_Troggs_song),"garage rock, hard rock, proto-punk"
733,Paul Revere and The Raiders,Kicks,https://en.wikipedia.org/wiki/Kick,
734,Paul Revere and The Raiders,Just Like Me,https://en.wikipedia.org/wiki/Just_Like_Me,rock
735,Paul Revere and The Raiders,Hungry,https://en.wikipedia.org/wiki/Hungry_(Paul_Revere_%26_the_Raiders_song),"rock, proto-punk"
736,Paul Revere and The Raiders,"Mr. Sun, Mr. Moon",https://en.wikipedia.org/wiki/Mr._Men,
737,Paul Revere and The Raiders,Let Me,https://en.wikipedia.org/wiki/Let_Me,
738,Donovan,Sunshine Superman,https://en.wikipedia.org/wiki/Sunshine_Superman,"psychedelic pop, folk rock, psychedelic folk"
739,Donovan,Hurdy Gurdy Man,https://en.wikipedia.org/wiki/Hurdy_Gurdy_Man,"psychedelic rock, folk rock, psychedelic folk"
740,Donovan,Atlantis,https://en.wikipedia.org/wiki/Atlantis,
741,Bobby Hebb,Sunny,https://en.wikipedia.org/wiki/Bobby_Hebb,
742,The Happenings,See You In September,https://en.wikipedia.org/wiki/See_You_in_September,pop
743,The Happenings,I Got Rhythm,https://en.wikipedia.org/wiki/I_Got_Rhythm,
744,Mitch Ryder and the Detroit Wheels,Devil with a Blue Dress On/Good Golly Miss Molly,"https://en.wikipedia.org/wiki/Good_Golly,_Miss_Molly",
745,The Mindbenders,A Groovy Kind of Love,https://en.wikipedia.org/wiki/A_Groovy_Kind_of_Love,pop
746,The Capitols,Cool Jerk,https://en.wikipedia.org/wiki/Cool_Jerk,rhythm and blues
747,Sandy Posey,Born a Woman,https://en.wikipedia.org/wiki/Sandy_Posey,
748,Sandy Posey,I Take It Back,https://en.wikipedia.org/wiki/Take_Back_the_Night,
749,The Cyrkle,Red Rubber Ball,https://en.wikipedia.org/wiki/Red_Rubber_Ball,pop
750,The Left Banke,Walk Away Renee,https://en.wikipedia.org/wiki/Walk_Away_Ren%C3%A9e,"baroque rock, baroque pop"
751,The Outsiders,Time Won't Let Me,https://en.wikipedia.org/wiki/Time_Won%27t_Let_Me,garage rock
752,The Hollies,Bus Stop,https://en.wikipedia.org/wiki/Bus_stop,
753,The Hollies,On A Carousel,https://en.wikipedia.org/wiki/On_a_Carousel,pop
754,The Hollies,Carrie Ann,https://en.wikipedia.org/wiki/Carrie_Anne,"power pop, pop rock"
755,James and Bobby Purify,I'm Your Puppet,https://en.wikipedia.org/wiki/I%27m_Your_Puppet,r&b
756,B. J. Thomas,I'm So Lonesome I Could Cry,https://en.wikipedia.org/wiki/I%27m_So_Lonesome_I_Could_Cry,
757,B. J. Thomas,Hooked On A Feeling,https://en.wikipedia.org/wiki/Hooked_on_a_Feeling,pop
758,The Standells,Dirty Water,https://en.wikipedia.org/wiki/Dirty_Water,"garage rock, proto-punk"
759,Bob Lind,Elusive Butterfly,https://en.wikipedia.org/wiki/Elusive_Butterfly,folk
760,Simon and Garfunkel,I Am a Rock,https://en.wikipedia.org/wiki/I_Am_a_Rock,folk rock
761,Simon and Garfunkel,The Sound of Silence,https://en.wikipedia.org/wiki/The_Sound_of_Silence,folk rock
762,Simon and Garfunkel,Homeward Bound,https://en.wikipedia.org/wiki/Homeward_Bound_(song),folk rock
763,Simon and Garfunkel,Mrs. Robinson,https://en.wikipedia.org/wiki/Mrs._Robinson,folk rock
764,Simon and Garfunkel,Scarborough Fair / Canticle,,
765,Robert Parker,Barefootin',https://en.wikipedia.org/wiki/Barefootin%27_(song),r&b
766,Count Five,Psychotic Reaction,https://en.wikipedia.org/wiki/Psychotic_Reaction,"garage rock, acid rock, psychedelic rock, proto-punk"
767,The T-Bones,No Matter What Shape (Your Stomach Is In),https://en.wikipedia.org/wiki/No_Matter_What_Shape_(Your_Stomach%27s_In),"pop, instrumental rock"
768,Deon Jackson,Love Makes The World Go Round,,
769,Crispian St. Peters,The Pied Piper,https://en.wikipedia.org/wiki/The_Pied_Piper_(song),pop rock
770,Ray Conniff Singers,Somewhere My Love,,
771,David Houston,Almost Persuaded,https://en.wikipedia.org/wiki/Almost_Persuaded,country
772,Marvelettes,Don't Mess With Bill,https://en.wikipedia.org/wiki/Don%27t_Mess_with_Bill,soul/pop
773,Neil Diamond,"Cherry, Cherry","https://en.wikipedia.org/wiki/Cherry,_Cherry",pop rock
774,Neil Diamond,"Girl, You'll Be A Woman Soon","https://en.wikipedia.org/wiki/Girl,_You%27ll_Be_a_Woman_Soon",pop
775,Neil Diamond,Thank The Lord For The Night Time,https://en.wikipedia.org/wiki/Just_for_You_(Neil_Diamond_album),pop rock
776,Neil Diamond,Sweet Caroline,https://en.wikipedia.org/wiki/Sweet_Caroline,soft rock
777,Lou Rawls,Love Is A Hurtin' Thing,https://en.wikipedia.org/wiki/Love_Is_a_Hurtin%27_Thing,r&b
778,Lou Rawls,Your Good Thing (Is About To End),https://en.wikipedia.org/wiki/Your_Good_Thing_(Is_About_to_End),r&b
779,The Shadows Of Knight,Gloria,https://en.wikipedia.org/wiki/Gloria_(Shadows_of_Knight_album),garage rock
780,The Sandpipers,Guantanamera,https://en.wikipedia.org/wiki/Guantanamera,"pop, easy listening, latin, folk"
781,Wilson Pickett,"Land Of 1,000 Dances",https://en.wikipedia.org/wiki/Land_of_a_Thousand_Dances,rhythm and blues
782,Wilson Pickett,634-5789,"https://en.wikipedia.org/wiki/634-5789_(Soulsville,_U.S.A.)",
783,Wilson Pickett,Funky Broadway,https://en.wikipedia.org/wiki/Funky_Broadway,soul
784,Shades Of Blue,Oh How Happy,https://en.wikipedia.org/wiki/Oh_How_Happy,soul
785,Turtles,You Baby,https://en.wikipedia.org/wiki/You_Baby,folk rock
786,The Vogues,Five O'clock World,https://en.wikipedia.org/wiki/Five_O%27Clock_World,rock
787,The Vogues,"Turn Around, Look At Me","https://en.wikipedia.org/wiki/Turn_Around,_Look_at_Me",
788,Los Bravos,Black Is Black,https://en.wikipedia.org/wiki/Black_Is_Black,"beat, psychedelic rock"
789,Slim Harpo,Baby Scratch My Back,https://en.wikipedia.org/wiki/Baby_Scratch_My_Back,rhythm and blues
790,Bobby Fuller Four,I Fought The Law,https://en.wikipedia.org/wiki/I_Fought_the_Law,garage rock
791,Herb Alpert and The Tijuana Brass,Zorba The Greek,https://en.wikipedia.org/wiki/Zorba_the_Greek,
792,Lulu,To Sir With Love,"https://en.wikipedia.org/wiki/To_Sir,_with_Love",
793,The Box Tops,The Letter,https://en.wikipedia.org/wiki/The_Letter_(The_Box_Tops_song),
794,The Box Tops,Cry Like A Baby,https://en.wikipedia.org/wiki/Cry_Like_a_Baby,
795,The Box Tops,Soul Deep,,
796,The Box Tops,Sweet Cream Ladies,,
797,Bobby Gentry,Ode To Billie Joe,https://en.wikipedia.org/wiki/Ode_to_Billie_Joe,country
798,The Doors,Light My Fire,https://en.wikipedia.org/wiki/Light_My_Fire,psychedelic rock
799,The Doors,"Hello, I Love You","https://en.wikipedia.org/wiki/Hello,_I_Love_You","psychedelic rock, acid rock"
800,The Doors,Touch Me,https://en.wikipedia.org/wiki/Touch_Me_(The_Doors_song),pop
801,Frank and Nancy Sinatra,Somethin' Stupid,https://en.wikipedia.org/wiki/Somethin%27_Stupid,"pop, bolero, jazz"
802,Frankie Valli,Can't Take My Eyes Off You,https://en.wikipedia.org/wiki/Can%27t_Take_My_Eyes_Off_You,pop rock
803,The Music Explosion,Little Bit O' Soul,https://en.wikipedia.org/wiki/Little_Bit_O%27_Soul,"pop rock, garage rock"
804,Aretha Franklin,Respect,https://en.wikipedia.org/wiki/Respect_(song),soul
805,Aretha Franklin,Baby I Love You,https://en.wikipedia.org/wiki/Baby_I_Love_You_(Aretha_Franklin_song),soul
806,Aretha Franklin,I Never Loved A Man (The Way I Love You),https://en.wikipedia.org/wiki/I_Never_Loved_a_Man_the_Way_I_Love_You,"southern soul, r&b"
807,Aretha Franklin,(Sweet Sweet Baby) Since You've Been Gone,https://en.wikipedia.org/wiki/(Sweet_Sweet_Baby)_Since_You%27ve_Been_Gone,soul
808,Aretha Franklin,I Say A Little Prayer,https://en.wikipedia.org/wiki/I_Say_a_Little_Prayer,soul
809,Aretha Franklin,Think,https://en.wikipedia.org/wiki/Think_(Aretha_Franklin_song),soul
810,Bobby Vee and The Strangers,Come Back When You Grow Up,https://en.wikipedia.org/wiki/Come_Back_When_You_Grow_Up,pop rock
811,The Buckinghams,Kind Of A Drag,https://en.wikipedia.org/wiki/Kind_of_a_Drag,sunshine pop
812,The Buckinghams,Don't You Care,https://en.wikipedia.org/wiki/Don%27t_You_Care,"sunshine pop, pop rock"
813,The Buckinghams,"Mercy, Mercy, Mercy","https://en.wikipedia.org/wiki/Mercy,_Mercy,_Mercy","sunshine pop, pop rock"
814,Arthur Conley,Sweet Soul Music,https://en.wikipedia.org/wiki/Sweet_Soul_Music,"soul, rhythm and blues"
815,The Soul Survivors,Expressway To Your Heart,https://en.wikipedia.org/wiki/Expressway_to_Your_Heart,dance-soul
816,Sam and Dave,Soul Man,https://en.wikipedia.org/wiki/Soul_Man_(song),soul
817,Sam and Dave,I Thank You,https://en.wikipedia.org/wiki/I_Thank_You_(Sam_%26_Dave_song),soul
818,Jay and The Techniques,"Apples, Peaches, Pumpkin Pie","https://en.wikipedia.org/wiki/Apples,_Peaches,_Pumpkin_Pie",soul
819,Every Mothers' Son,Come On Down To My Boat,https://en.wikipedia.org/wiki/Come_On_Down_to_My_Boat,pop rock
820,Strawberry Alarm Clock,Incense And Peppermints,https://en.wikipedia.org/wiki/Incense_and_Peppermints,"psychedelic rock, acid rock, psychedelic pop"
821,Vicki Carr,It Must Be Him,https://en.wikipedia.org/wiki/It_Must_Be_Him_(song),
822,Brenton Wood,Gimme Little Sign,https://en.wikipedia.org/wiki/Gimme_Little_Sign,"r&b, soul, pop"
823,Buffalo Springfield,For What It's Worth,https://en.wikipedia.org/wiki/For_What_It%27s_Worth,"folk rock, country rock, psychedelic rock"
824,Engelbert Humperdinck,Release Me,https://en.wikipedia.org/wiki/Release_Me_(1949_song),pop
825,Marvin Gaye and Tammi Terrell,Your Precious Love,https://en.wikipedia.org/wiki/Your_Precious_Love,soul/pop
826,Marvin Gaye and Tammi Terrell,Ain't No Mountain High Enough,https://en.wikipedia.org/wiki/Ain%27t_No_Mountain_High_Enough,"soul, rhythm and blues, pop"
827,Marvin Gaye and Tammi Terrell,Ain't Nothing Like The Real Thing,https://en.wikipedia.org/wiki/Ain%27t_Nothing_Like_the_Real_Thing,"soul, pop"
828,Marvin Gaye and Tammi Terrell,You're All I Need To Get By,https://en.wikipedia.org/wiki/You%27re_All_I_Need_to_Get_By,"rhythm and blues, soul"
829,Jefferson Airplane,Somebody To Love,https://en.wikipedia.org/wiki/Somebody_to_Love_(Jefferson_Airplane_song),psychedelic rock
830,Jefferson Airplane,White Rabbit,https://en.wikipedia.org/wiki/White_Rabbit_(song),psychedelic rock
831,The Esquires,Get On Up,https://en.wikipedia.org/wiki/Get_on_Up_(The_Esquires_song),r&b
832,Van Morrison,Brown Eyed Girl,https://en.wikipedia.org/wiki/Brown_Eyed_Girl,
833,Procol Harum,A Whiter Shade Of Pale,https://en.wikipedia.org/wiki/A_Whiter_Shade_of_Pale,baroque rock
834,The Casinos,Then You Can Tell Me Goodbye,https://en.wikipedia.org/wiki/Then_You_Can_Tell_Me_Goodbye,doo-wop
835,The Tremeloes,Silence Is Golden,https://en.wikipedia.org/wiki/Silence_Is_Golden_(song),beat
836,The Tremeloes,Here Comes My Baby,https://en.wikipedia.org/wiki/Here_Comes_My_Baby_(Cat_Stevens_song),beat
837,Ed Ames,My Cup Runneth Over,https://en.wikipedia.org/wiki/My_Cup_Runneth_Over,traditional pop
838,The 5th Dimension,"Up, Up And Away","https://en.wikipedia.org/wiki/Up,_Up_and_Away_(The_5th_Dimension_album)","r&b, pop, soul, sunshine pop, psychedelic soul"
839,The 5th Dimension,Stoned Soul Picnic,https://en.wikipedia.org/wiki/Stoned_Soul_Picnic_(song),pop
840,The 5th Dimension,Aquarius / Let The Sunshine In,https://en.wikipedia.org/wiki/Aquarius/Let_the_Sunshine_In,"psychedelic soul, sunshine pop"
841,The 5th Dimension,Wedding Bell Blues,https://en.wikipedia.org/wiki/Wedding_Bell_Blues,pop
842,Scott Mckenzie,San Francisco (Be Sure to Wear Flowers in Your Hair),https://en.wikipedia.org/wiki/San_Francisco_(Be_Sure_to_Wear_Flowers_in_Your_Hair),psychedelic pop
843,The Cowsills,"The Rain, The Park And Other Things","https://en.wikipedia.org/wiki/The_Rain,_the_Park_%26_Other_Things",psychedelic pop
844,The Cowsills,Indian Lake,https://en.wikipedia.org/wiki/Indian_Lake_(song),
845,The Cowsills,Hair,https://en.wikipedia.org/wiki/Hair_(Hair_song),
846,Five Americans,Western Union,https://en.wikipedia.org/wiki/Western_Union,
847,Blue Magoos,(We Ain't Got) Nothin' Yet,https://en.wikipedia.org/wiki/(We_Ain%27t_Got)_Nothin%27_Yet,"garage rock, proto-punk, psychedelic rock"
848,The Easybeats,Friday On My Mind,https://en.wikipedia.org/wiki/Friday_on_My_Mind,"pop rock, garage rock"
849,The Bar-Kays,Soul Finger,https://en.wikipedia.org/wiki/Soul_Finger,
850,The Spencer Davis Group,Gimme Some Lovin',https://en.wikipedia.org/wiki/Gimme_Some_Lovin%27,"blue-eyed soul, r&b"
851,The Hombres,Let It Out (Let It All Hang Out),https://en.wikipedia.org/wiki/Let_It_Out_(Let_It_All_Hang_Out),"southern rock, garage rock"
852,The Grass Roots,Let's Live For Today,https://en.wikipedia.org/wiki/Let%27s_Live_for_Today_(song),"psychedelic pop, folk rock"
853,The Grass Roots,Midnight Confessions,https://en.wikipedia.org/wiki/Midnight_Confessions,"rock, psychedelic pop"
854,The Grass Roots,I'd Wait A Million Years,https://en.wikipedia.org/wiki/I%27d_Wait_a_Million_Years,"rock, psychedelic pop"
855,Peaches and Herb,Close Your Eyes,,
856,Aaron Neville,Tell It Like It Is,https://en.wikipedia.org/wiki/Aaron_Neville,
857,James Brown and The Famous Flames,Cold Sweat,https://en.wikipedia.org/wiki/The_Famous_Flames,
858,James Brown and The Famous Flames,I Got The Feelin',https://en.wikipedia.org/wiki/I_Got_the_Feelin%27,funk
859,James Brown and The Famous Flames,Say It Loud I'm Black And I'm Proud,https://en.wikipedia.org/wiki/Say_It_Loud_%E2%80%93_I%27m_Black_and_I%27m_Proud,funk
860,Keith,98.6,https://en.wikipedia.org/wiki/98.6_(song),pop rock
861,The Royal Guardsmen,Snoopy Vs. The Red Baron,https://en.wikipedia.org/wiki/Snoopy_vs._the_Red_Baron_(song),"rock, novelty"
862,Janis Ian,Society's Child,https://en.wikipedia.org/wiki/Society%27s_Child,pop
863,Robert Knight,Everlasting Love,https://en.wikipedia.org/wiki/Everlasting_Love,soul
864,Bill Cosby,Little Ole Man (Uptight-Everything's Alright),https://en.wikipedia.org/wiki/Uptight_(Everything%27s_Alright),
865,The Electric Prunes,I Had Too Much To Dream Last Night,https://en.wikipedia.org/wiki/I_Had_Too_Much_to_Dream_(Last_Night),"psychedelic rock, garage rock"
866,The Who,I Can See For Miles,https://en.wikipedia.org/wiki/I_Can_See_for_Miles,"power pop psychedelic rock, hard rock"
867,Paul Mauriat,Love Is Blue,,
868,Otis Redding,(Sittin' On) The Dock Of The Bay,https://en.wikipedia.org/wiki/(Sittin%27_On)_The_Dock_of_the_Bay,"rhythm and blues, soul"
869,The Rascals,People Got To Be Free,https://en.wikipedia.org/wiki/People_Got_to_Be_Free,blue-eyed soul
870,The Rascals,A Beautiful Morning,https://en.wikipedia.org/wiki/A_Beautiful_Morning,"rock, soul"
871,Cream,Sunshine Of Your Love,https://en.wikipedia.org/wiki/Sunshine_of_Your_Love,"psychedelic rock, hard rock, blues rock"
872,Cream,White Room,https://en.wikipedia.org/wiki/White_Room,psychedelic rock
873,Herb Alpert,This Guy's In Love With You,https://en.wikipedia.org/wiki/This_Guy%27s_in_Love_with_You,pop
874,Hugo Montenegro,"The Good, The Bad And The Ugly","https://en.wikipedia.org/wiki/The_Good,_the_Bad_and_the_Ugly",
875,Archie Bell and The Drells,Tighten Up,https://en.wikipedia.org/wiki/Tighten_Up_(Archie_Bell_%26_the_Drells_song),funk
876,Jeannie C. Riley,Harper Valley P.T.A.,https://en.wikipedia.org/wiki/Harper_Valley_PTA,"country, country pop"
877,O.C. Smith,Little Green Apples,https://en.wikipedia.org/wiki/Little_Green_Apples,"r&b, soul"
878,Gary Puckett and The Union Gap,Young Girl,https://en.wikipedia.org/wiki/Young_Girl_(song),pop
879,Gary Puckett and The Union Gap,Lady Willpower,https://en.wikipedia.org/wiki/Lady_Willpower,pop
880,Gary Puckett and The Union Gap,Over You,https://en.wikipedia.org/wiki/Over_You_(Gary_Puckett_%26_The_Union_Gap_song),"pop, adult contemporary"
881,Gary Puckett and The Union Gap,"Woman, Woman","https://en.wikipedia.org/wiki/Woman,_Woman",pop
882,Gary Puckett and The Union Gap,This Girl Is A Woman Now,https://en.wikipedia.org/wiki/This_Girl_Is_a_Woman_Now,rock
883,Hugh Masekela,Grazing In The Grass,https://en.wikipedia.org/wiki/Grazing_in_the_Grass,jazz
884,Sly and The Family Stone,Dance To The Music,https://en.wikipedia.org/wiki/Dance_to_the_Music_(Sly_and_the_Family_Stone_album),"psychedelic soul, funk"
885,Sly and The Family Stone,Everyday People,https://en.wikipedia.org/wiki/Everyday_People,"psychedelic soul, funk"
886,Sly and The Family Stone,Hot Fun In The Summertime,https://en.wikipedia.org/wiki/Hot_Fun_in_the_Summertime,"psychedelic soul, funk"
887,Cliff Nobles,The Horse,https://en.wikipedia.org/wiki/The_Horse,philadelphia soul
888,The Delfonics,La-La Means I Love You,https://en.wikipedia.org/wiki/La-La_(Means_I_Love_You),"r&b, soul, philadelphia soul"
889,John Fred and His Playboy Band,Judy In Disguise (With Glasses),https://en.wikipedia.org/wiki/Judy_in_Disguise_(With_Glasses),pop rock
890,Classics IV,Spooky,https://en.wikipedia.org/wiki/Spooky_(Classics_IV_song),jazz fusion
891,Classics IV,Traces,https://en.wikipedia.org/wiki/Traces_(song),"soft rock, pop"
892,Merrilee Rush,Angel Of The Morning,https://en.wikipedia.org/wiki/Angel_of_the_Morning,"pop, country"
893,Georgie Fame,The Ballad Of Bonnie And Clyde,https://en.wikipedia.org/wiki/The_Ballad_of_Bonnie_and_Clyde,rhythm and blues
894,Mary Hopkin,Those Were The Days,https://en.wikipedia.org/wiki/Those_Were_the_Days_(song),folk
895,Steppenwolf,Born To Be Wild,https://en.wikipedia.org/wiki/Born_to_Be_Wild,"hard rock, proto-metal"
896,Steppenwolf,Magic Carpet Ride,https://en.wikipedia.org/wiki/Magic_Carpet_Ride_(Steppenwolf_song),"acid rock, psychedelic rock, hard rock"
897,The Intruders,Cowboys To Girls,https://en.wikipedia.org/wiki/Cowboys_to_Girls,"r&b, philadelphia soul"
898,1910 Fruitgum Company,Simon Says,https://en.wikipedia.org/wiki/Simon_Says,
899,1910 Fruitgum Company,"1, 2, 3, Red Light","https://en.wikipedia.org/wiki/1,_2,_3,_Red_Light",bubblegum pop
900,1910 Fruitgum Company,Indian Giver,https://en.wikipedia.org/wiki/Indian_giver,
901,Sergio Mendes and Brasil '66,The Look Of Love,https://en.wikipedia.org/wiki/The_Look_of_Love_(1967_song),bossa nova
902,Sergio Mendes and Brasil '66,The Fool On The Hill,https://en.wikipedia.org/wiki/The_Fool_on_the_Hill,bossa nova
903,Johnny Nash,Hold Me Tight,https://en.wikipedia.org/wiki/Hold_Me_Tight,
904,Ohio Express,"Yummy, Yummy, Yummy",https://en.wikipedia.org/wiki/Yummy_Yummy_Yummy,bubblegum pop
905,The Crazy World Of Arthur Brown,Fire,https://en.wikipedia.org/wiki/Fire,
906,Troggs,Love Is All Around,https://en.wikipedia.org/wiki/Love_Is_All_Around,rock
907,Gene and Debbe,Playboy,https://en.wikipedia.org/wiki/Playboy,
908,Mason Williams,Classical Gas,https://en.wikipedia.org/wiki/Classical_Gas,"easy listening, classical, baroque pop"
909,Clarence Carter,Slip Away,,
910,The O'Kaysions,Girl Watcher,https://en.wikipedia.org/wiki/Girl_Watcher,blue-eyed soul
911,The Lemon Pipers,Green Tambourine,https://en.wikipedia.org/wiki/Green_Tambourine,"psychedelic rock, psychedelic pop, bubblegum pop"
912,Friend and Lover,Reach Out Of The Darkness,https://en.wikipedia.org/wiki/Reach_Out_of_the_Darkness,pop
913,Richard Harris,MacArthur Park,https://en.wikipedia.org/wiki/MacArthur_Park,
914,Jose Feliciano,Light My Fire,https://en.wikipedia.org/wiki/Light_My_Fire,soft rock
915,Status Quo,Pictures Of Matchstick Men,https://en.wikipedia.org/wiki/Pictures_of_Matchstick_Men,"psychedelic rock, psychedelic pop"
916,Blue Cheer,Summertime Blues,https://en.wikipedia.org/wiki/Summertime_Blues,"heavy metal, hard rock"
917,The Bee Gees,I've Gotta Get A Message To You,https://en.wikipedia.org/wiki/I%27ve_Gotta_Get_a_Message_to_You,
918,The Fireballs,Bottle Of Wine,https://en.wikipedia.org/wiki/Wine_bottle,
919,The Dells,Stay In My Corner,https://en.wikipedia.org/wiki/Stay_in_My_Corner,soul
920,The Dells,"Oh, What A Night","https://en.wikipedia.org/wiki/Oh,_What_a_Night_(The_Dells_song)","doo-wop, soul"
921,Willie Mitchell,Soul Serenade,https://en.wikipedia.org/wiki/Soul_Serenade,
922,The Human Beinz,Nobody But Me,https://en.wikipedia.org/wiki/Nobody_but_Me_(Human_Beinz_album),"rock, garage rock"
923,Tommy Boyce and Bobby Hart,I Wonder What She's Doing Tonight,https://en.wikipedia.org/wiki/I_Wonder_What_She%27s_Doing_Tonight,pop rock
924,The Irish Rovers,The Unicorn,https://en.wikipedia.org/wiki/The_Unicorn,irish folk music
925,Vanilla Fudge,(You Keep Me) Hangin' On,https://en.wikipedia.org/wiki/You_Keep_Me_Hangin%27_On,psychedelic rock
926,The Foundations,"Baby, Now That I've Found You",https://en.wikipedia.org/wiki/Baby_Now_That_I%27ve_Found_You,pop
927,The Foundations,Build Me Up Buttercup,https://en.wikipedia.org/wiki/Build_Me_Up_Buttercup,"pop, soul"
928,The Sweet Inspirations,Sweet Inspiration,https://en.wikipedia.org/wiki/The_Sweet_Inspirations,
929,Smokey Robinson and The Miracles,If You Can Want,https://en.wikipedia.org/wiki/If_You_Can_Want,soul/pop
930,Smokey Robinson and The Miracles,"Baby, Baby Don't Cry","https://en.wikipedia.org/wiki/Baby,_Baby_Don%27t_Cry","soul, pop"
931,The Mills Brothers,Cab Driver,,
932,The Chambers Brothers,Time Has Come Today,https://en.wikipedia.org/wiki/Time_Has_Come_Today,"psychedelic rock, psychedelic soul, acid rock"
933,Shorty Long,Here Comes The Judge,https://en.wikipedia.org/wiki/Here_Comes_the_Judge_(Shorty_Long_song),"comedy, soul"
934,Big Brother and The Holding Company,Piece Of My Heart,https://en.wikipedia.org/wiki/Piece_of_My_Heart,"psychedelic rock, blues rock"
935,Creedence Clearwater Revival,Suzie Q.,https://en.wikipedia.org/wiki/Susie_Q_(song),
936,Creedence Clearwater Revival,Proud Mary,https://en.wikipedia.org/wiki/Proud_Mary,"roots rock, swamp rock"
937,Creedence Clearwater Revival,Bad Moon Rising,https://en.wikipedia.org/wiki/Bad_Moon_Rising_(song),"roots rock, swamp rock, country rock"
938,Creedence Clearwater Revival,Green River,https://en.wikipedia.org/wiki/Green_River_(song),"roots rock, swamp rock (""green river""), hard rock (""commotion"")"
939,The American Breed,"Bend Me, Shape Me","https://en.wikipedia.org/wiki/Bend_Me,_Shape_Me",pop rock
940,Jerry Butler,"Hey, Western Union Man","https://en.wikipedia.org/wiki/Hey,_Western_Union_Man",soul
941,Jerry Butler,Never Give You Up,https://en.wikipedia.org/wiki/Never_Gonna_Give_You_Up,
942,Jerry Butler,Only The Strong Survive,https://en.wikipedia.org/wiki/Only_the_Strong_Survive_(song),"soul, proto-disco"
943,The Archies,"Sugar, Sugar","https://en.wikipedia.org/wiki/Sugar,_Sugar",pop rock
944,Three Dog Night,One,https://en.wikipedia.org/wiki/One_(Harry_Nilsson_song),
945,Three Dog Night,Easy To Be Hard,https://en.wikipedia.org/wiki/Easy_to_Be_Hard,rock
946,Henry Mancini and His Orch.,Love Theme From Romeo And Juliet,https://en.wikipedia.org/wiki/Love_Theme_from_Romeo_and_Juliet,pop
947,The Youngbloods,Get Together,https://en.wikipedia.org/wiki/Get_Together_(The_Youngbloods_song),"folk rock, psychedelic rock"
948,The Friends Of Distinction,Grazin' In The Grass,https://en.wikipedia.org/wiki/Grazing_in_the_Grass,"pop, r&b, psychedelic soul"
949,The Friends Of Distinction,Going In Circles,https://en.wikipedia.org/wiki/Going_in_Circles,"r&b, soul"
950,Jr. Walker and The All Stars,What Does It Take (To Win Your Love),https://en.wikipedia.org/wiki/What_Does_It_Take_(To_Win_Your_Love),soul
951,Oliver,Jean,https://en.wikipedia.org/wiki/Jean_(song),pop
952,Oliver,Good Morning Starshine,https://en.wikipedia.org/wiki/Good_Morning_Starshine,pop rock
953,The Beatles with Billy Preston,Get Back,https://en.wikipedia.org/wiki/Get_Back,blues rock
954,Zager and Evans,In The Year 2525,https://en.wikipedia.org/wiki/In_the_Year_2525,folk rock
955,"Blood, Sweat and Tears",Spinning Wheel,https://en.wikipedia.org/wiki/Spinning_wheel,
956,"Blood, Sweat and Tears",You've Made Me So Very Happy,https://en.wikipedia.org/wiki/You%27ve_Made_Me_So_Very_Happy,jazz-rock
957,Smith,Baby It's You,https://en.wikipedia.org/wiki/Baby_It%27s_You,hard rock
958,Zombies,Time Of The Season,https://en.wikipedia.org/wiki/Time_of_the_Season,
959,Bobby Sherman,Little Woman,https://en.wikipedia.org/wiki/Little_Woman,pop
960,Mercy,Love (Can Make You Happy),https://en.wikipedia.org/wiki/Love_(Can_Make_You_Happy),sunshine pop
961,The Guess Who,These Eyes,https://en.wikipedia.org/wiki/These_Eyes,"baroque pop, blue-eyed soul"
962,The Guess Who,Laughing,https://en.wikipedia.org/wiki/Laughing_(The_Guess_Who_song),pop rock
963,Watts 103rd Street Rhythm Band,Do Your Thing,https://en.wikipedia.org/wiki/Do_Your_Thing_(Charles_Wright_%26_the_Watts_103rd_Street_Rhythm_Band_song),"r&b, funk"
964,Spiral Starecase,More Today Than Yesterday,https://en.wikipedia.org/wiki/More_Today_Than_Yesterday,jazz-rock
965,Cass Elliot,It's Getting Better,https://en.wikipedia.org/wiki/Getting_Better,
966,Glen Campbell,Galveston,https://en.wikipedia.org/wiki/Galveston_(song),country pop
967,Tyrone Davis,Can I Change My Mind,https://en.wikipedia.org/wiki/Can_I_Change_My_Mind,soul
968,The Winstons,Color Him Father,https://en.wikipedia.org/wiki/Color_Him_Father,"r&b, soul, funk (colour him father), funk, soul (amen, brother)"
969,"Sonny Charles and The Checkmates, Ltd.",Black Pearl,https://en.wikipedia.org/wiki/Black_Pearl,
970,Edwin Starr,Twenty-five Miles,https://en.wikipedia.org/wiki/Twenty-Five_Miles,
971,New Colony Six,Things I'd Like To Say,https://en.wikipedia.org/wiki/Things_I%27d_Like_to_Say,pop
972,Motherlode,When I Die,https://en.wikipedia.org/wiki/And_When_I_Die,
973,Harry Nilsson,Everybody's Talkin',https://en.wikipedia.org/wiki/Everybody%27s_Talkin%27,soft rock
974,Brooklyn Bridge,Worst That Could Happen,https://en.wikipedia.org/wiki/The_Worst_That_Could_Happen,"rock, pop rock"
975,Joe Simon,Chokin' Kind,https://en.wikipedia.org/wiki/The_Chokin%27_Kind,r&b
976,The Flying Machine,Smile A Little Smile For Me,https://en.wikipedia.org/wiki/Smile_a_Little_Smile_for_Me,pop rock
977,Tony Joe White,Polk Salad Annie,https://en.wikipedia.org/wiki/Polk_Salad_Annie,"swamp rock, rhythm and blues"
978,Kenny Rogers and The First Edition,"Ruby, Don't Take Your Love To Town","https://en.wikipedia.org/wiki/Ruby,_Don%27t_Take_Your_Love_to_Town","country, pop"
979,Joe South,Games People Play,https://en.wikipedia.org/wiki/Games_People_Play_(Joe_South_song),folk rock
980,The Cuff Links,Tracy,https://en.wikipedia.org/wiki/Tracy_(The_Cuff_Links_song),bubblegum pop
981,Bob Seger System,Ramblin' Gamblin' Man,https://en.wikipedia.org/wiki/Ramblin%27_Gamblin%27_Man,"hard rock, psychedelic rock"
982,Diana Ross and The Supremes and The Temptations,I'm Gonna Make You Love Me,https://en.wikipedia.org/wiki/I%27m_Gonna_Make_You_Love_Me,"soul, pop"
983,Crazy Elephant,Gimme Gimme Good Lovin',https://en.wikipedia.org/wiki/Gimme_Some_Lovin%27,
984,The Originals,Baby I'm For Real,"https://en.wikipedia.org/wiki/Baby,_I%27m_for_Real","soul, doo-wop"
985,Edwin Hawkins Singers,Oh Happy Day,https://en.wikipedia.org/wiki/Oh_Happy_Day,gospel
986,David Ruffin,My Whole World Ended (The Moment You Left Me),https://en.wikipedia.org/wiki/My_Whole_World_Ended_(The_Moment_You_Left_Me),soul
