Artist,Title,URL
Percy Faith,"Theme From ""A Summer Place""",https://en.wikipedia.org/wiki/Theme_from_A_Summer_Place
Jim Reeves,He'll Have To Go,https://en.wikipedia.org/wiki/He%27ll_Have_to_Go
The Everly Brothers,Cathy's Clown,https://en.wikipedia.org/wiki/Cathy%27s_Clown
The Everly Brothers,Let It Be Me,https://en.wikipedia.org/wiki/Let_It_Be_Me_(The_Everly_Brothers_song)
The Everly Brothers,So Sad,https://en.wikipedia.org/wiki/So_Sad
The Everly Brothers,When Will I Be Loved,https://en.wikipedia.org/wiki/When_Will_I_Be_Loved_(song)
The Everly Brothers,Walk Right Back,https://en.wikipedia.org/wiki/Walk_Right_Back
The Everly Brothers,Crying In The Rain,https://en.wikipedia.org/wiki/Crying_in_the_Rain
Johnny Preston,Running Bear,https://en.wikipedia.org/wiki/Running_Bear
Johnny Preston,Cradle Of Love,https://en.wikipedia.org/wiki/Cradle_of_Love_(Johnny_Preston_song)
Mark Dinning,Teen Angel,https://en.wikipedia.org/wiki/Teen_Angel_(song)
Brenda Lee,I'm Sorry,https://en.wikipedia.org/wiki/I%27m_Sorry_(Brenda_Lee_song)
Brenda Lee,Sweet Nothin's,https://en.wikipedia.org/wiki/Sweet_Nothin%27s
Brenda Lee,I Want To Be Wanted,https://en.wikipedia.org/wiki/I_Want_to_Be_Wanted
Brenda Lee,That's All You Gotta Do,https://en.wikipedia.org/wiki/That%27s_All_You_Gotta_Do
Brenda Lee,Dum Dum,https://en.wikipedia.org/wiki/Dum_Dum_(Brenda_Lee_song)
Brenda Lee,You Can Depend On Me,https://en.wikipedia.org/wiki/You_Can_Depend_on_Me_(song)
Brenda Lee,Break It To Me Gently,https://en.wikipedia.org/wiki/Break_It_to_Me_Gently
Brenda Lee,Everybody Loves Me But You,https://en.wikipedia.org/wiki/Everybody_Loves_Me_But_You
Brenda Lee,Losing You,https://en.wikipedia.org/wiki/Losing_You_(Brenda_Lee_song)
Brenda Lee,Too Many Rivers,https://en.wikipedia.org/wiki/Too_Many_Rivers
Brenda Lee,Coming On Strong,https://en.wikipedia.org/wiki/Coming_On_Strong_(song)
Elvis Presley,It's Now Or Never,https://en.wikipedia.org/wiki/It%27s_Now_or_Never_(song)
Elvis Presley,Stuck On You,https://en.wikipedia.org/wiki/Stuck_on_You_(Elvis_Presley_song)
Elvis Presley,Little Sister,https://en.wikipedia.org/wiki/Little_Sister_(Elvis_Presley_song)
Elvis Presley,Surrender,https://en.wikipedia.org/wiki/Surrender_(Elvis_Presley_song)
Elvis Presley,(Marie's The Name) His Latest Flame,https://en.wikipedia.org/wiki/(Marie%27s_the_Name)_His_Latest_Flame
Elvis Presley,Are You Lonesome Tonight?,https://en.wikipedia.org/wiki/Are_You_Lonesome_Tonight%3F_(song)
Elvis Presley,Good Luck Charm,https://en.wikipedia.org/wiki/Pot_Luck_(Elvis_Presley_album)
Elvis Presley,Can't Help Falling In Love,https://en.wikipedia.org/wiki/Can%27t_Help_Falling_in_Love
Elvis Presley,(You're the) Devil in Disguise,https://en.wikipedia.org/wiki/(You%27re_the)_Devil_in_Disguise
Elvis Presley,Bossa Nova Baby,https://en.wikipedia.org/wiki/Bossa_Nova_Baby
Elvis Presley,Crying in the Chapel,https://en.wikipedia.org/wiki/Crying_in_the_Chapel
Elvis Presley,Suspicious Minds,https://en.wikipedia.org/wiki/Suspicious_Minds
Elvis Presley,In The Ghetto,https://en.wikipedia.org/wiki/In_the_Ghetto
Jimmy Jones,Handy Man,https://en.wikipedia.org/wiki/Handy_Man_(song)
Jimmy Jones,Good Timin',https://en.wikipedia.org/wiki/Jimmy_Jones_(singer)
Chubby Checker,The Twist,https://en.wikipedia.org/wiki/The_Twist_(song)
Chubby Checker,Pony Time,https://en.wikipedia.org/wiki/Pony_Time
Chubby Checker,The Fly,
Chubby Checker,Let's Twist Again,https://en.wikipedia.org/wiki/Let%27s_Twist_Again
Chubby Checker,The Twist,https://en.wikipedia.org/wiki/The_Twist_(song)
Chubby Checker,Slow Twistin',https://en.wikipedia.org/wiki/Slow_Twistin%27
Connie Francis,Everybody's Somebody's Fool,https://en.wikipedia.org/wiki/Everybody%27s_Somebody%27s_Fool
Connie Francis,My Heart Has A Mind Of Its Own,https://en.wikipedia.org/wiki/My_Heart_Has_a_Mind_of_Its_Own
Connie Francis,Mama,https://en.wikipedia.org/wiki/Mamma_(song)
Connie Francis,Among My Souvenirs,https://en.wikipedia.org/wiki/Among_My_Souvenirs
Connie Francis,Where The Boys Are,https://en.wikipedia.org/wiki/Where_the_Boys_Are_(Connie_Francis_song)
Connie Francis,Breakin' In A Brand New Broken Heart,https://en.wikipedia.org/wiki/Breakin%27_in_a_Brand_New_Broken_Heart
Connie Francis,Don't Break The Heart That Loves You,https://en.wikipedia.org/wiki/Don%27t_Break_the_Heart_That_Loves_You
Bobby Rydell,Wild One,https://en.wikipedia.org/wiki/Wild_One_(Bobby_Rydell_song)
Bobby Rydell,Volare,https://en.wikipedia.org/wiki/Volare_(song)
Bobby Rydell,Swingin' School,https://en.wikipedia.org/wiki/Swingin%27_School
Bobby Rydell,Little Bitty Girl,https://en.wikipedia.org/wiki/Little_Bitty_Girl
Bobby Rydell,Good Time Baby,https://en.wikipedia.org/wiki/Good_Time_Baby
Bobby Rydell,I'll Never Dance Again,https://en.wikipedia.org/wiki/I%27ll_Never_Dance_Again
Brothers Four,Greenfields,
Jack Scott,What In The World's Come Over You,https://en.wikipedia.org/wiki/Jack_Scott_(singer)
Jack Scott,Burning Bridges,
Marty Robbins,El Paso,https://en.wikipedia.org/wiki/El_Paso_(song)
Marty Robbins,Don't Worry,https://en.wikipedia.org/wiki/Don%27t_Worry_(Marty_Robbins_song)
Hollywood Argyles,Alley Oop,https://en.wikipedia.org/wiki/Alley_Oop
Brian Hyland,Itsy Bitsy Teenie Weenie Yellow Polkadot Bikini,https://en.wikipedia.org/wiki/Itsy_Bitsy_Teenie_Weenie_Yellow_Polkadot_Bikini
Brian Hyland,Sealed With A Kiss,https://en.wikipedia.org/wiki/Sealed_with_a_Kiss
Roy Orbison,Only The Lonely,https://en.wikipedia.org/wiki/Only_the_Lonely
Roy Orbison,Crying,https://en.wikipedia.org/wiki/Crying_(Roy_Orbison_song)
Roy Orbison,Running Scared,https://en.wikipedia.org/wiki/Running_Scared_(Roy_Orbison_song)
Roy Orbison,Dream Baby (How Long Must I Dream),https://en.wikipedia.org/wiki/Dream_Baby_(How_Long_Must_I_Dream)
Roy Orbison,Mean Woman Blues,https://en.wikipedia.org/wiki/Mean_Woman_Blues
Roy Orbison,In Dreams,https://en.wikipedia.org/wiki/In_Dreams_(Roy_Orbison_album)
Roy Orbison,"Oh, Pretty Woman","https://en.wikipedia.org/wiki/Oh,_Pretty_Woman"
Roy Orbison,It's Over,https://en.wikipedia.org/wiki/It%27s_Over_(Roy_Orbison_song)
Dion and The Belmonts,Where Or When,https://en.wikipedia.org/wiki/Where_or_When
Connie Stevens,Sixteen Reasons,https://en.wikipedia.org/wiki/Sixteen_Reasons
Paul Anka,Puppy Love,https://en.wikipedia.org/wiki/Puppy_Love_(Paul_Anka_song)
Paul Anka,It's Time To Cry,
Paul Anka,My Home Town,
Paul Anka,"Tonight My Love, Tonight",
Paul Anka,Love Me Warm And Tender,
Frankie Avalon,Why,https://en.wikipedia.org/wiki/Why_(Frankie_Avalon_song)
The Ventures,"Walk, Don't Run","https://en.wikipedia.org/wiki/Walk,_Don%27t_Run_(instrumental)"
The Ventures,"Walk, Don't Run '64","https://en.wikipedia.org/wiki/Walk,_Don%27t_Run_(instrumental)"
The Ventures,Hawaii Five-O,
The Drifters,Save The Last Dance For Me,https://en.wikipedia.org/wiki/Save_the_Last_Dance_for_Me
The Drifters,Please Stay,https://en.wikipedia.org/wiki/Please_Stay_(Burt_Bacharach_song)
The Drifters,Up on the Roof,https://en.wikipedia.org/wiki/Up_on_the_Roof_(song)
The Drifters,Under the Boardwalk,https://en.wikipedia.org/wiki/Under_the_Boardwalk
Dinah Washington and Brook Benton,Baby (You've Got What It Takes),https://en.wikipedia.org/wiki/Baby_(You%27ve_Got_What_It_Takes)
Dinah Washington and Brook Benton,A Rockin' Good Way,https://en.wikipedia.org/wiki/Dinah_Washington
Johnny Horton,Sink The Bismark,https://en.wikipedia.org/wiki/Sink_the_Bismark
Sam Cooke,Chain Gang,https://en.wikipedia.org/wiki/Chain_Gang_(song)
Sam Cooke,Wonderful World,https://en.wikipedia.org/wiki/The_Wonderful_World_of_Sam_Cooke
Sam Cooke,Twistin' The Night Away,https://en.wikipedia.org/wiki/Twistin%27_the_Night_Away
Sam Cooke,Having A Party,https://en.wikipedia.org/wiki/Having_a_Party_(song)
Sam Cooke,Little Red Rooster,https://en.wikipedia.org/wiki/Little_Red_Rooster
Sam Cooke,Another Saturday Night,https://en.wikipedia.org/wiki/Another_Saturday_Night
Sam Cooke,Shake,https://en.wikipedia.org/wiki/Shake_(Sam_Cooke_song)
Bobby Darin,Beyond The Sea,https://en.wikipedia.org/wiki/Beyond_the_Sea_(film)
Bobby Darin,You Must Have Been A Beautiful Baby,https://en.wikipedia.org/wiki/You_Must_Have_Been_a_Beautiful_Baby
Bobby Darin,Things,https://en.wikipedia.org/wiki/Things_(Bobby_Darin_song)
Bobby Darin,You're The Reason I'm Living,https://en.wikipedia.org/wiki/You%27re_the_Reason_I%27m_Living
Bobby Darin,If I Were A Carpenter,https://en.wikipedia.org/wiki/If_I_Were_a_Carpenter_(Bobby_Darin_album)
Jimmy Clanton,Go Jimmy Go,https://en.wikipedia.org/wiki/Go_Jimmy_Go
Jimmy Clanton,Venus In Blue Jeans,https://en.wikipedia.org/wiki/Venus_in_Blue_Jeans
Jackie Wilson,Night,https://en.wikipedia.org/wiki/Night_(Jackie_Wilson_song)
Jackie Wilson,Doggin' Around,https://en.wikipedia.org/wiki/Doggin%27_Around
Jackie Wilson,Baby Workout,https://en.wikipedia.org/wiki/Baby_Workout
Jackie Wilson,(Your Love Keeps Lifting Me) Higher And Higher,https://en.wikipedia.org/wiki/(Your_Love_Keeps_Lifting_Me)_Higher_and_Higher
Toni Fisher,The Big Hurt,https://en.wikipedia.org/wiki/The_Big_Hurt_(song)
Duane Eddy,Because They're Young,https://en.wikipedia.org/wiki/Because_They%27re_Young
Conway Twitty,Lonely Blue Boy,https://en.wikipedia.org/wiki/Lonely_Blue_Boy
Steve Lawrence,Pretty Blue Eyes,https://en.wikipedia.org/wiki/Pretty_Blue_Eyes
Steve Lawrence,Footsteps,https://en.wikipedia.org/wiki/Footsteps_(Steve_Lawrence_song)
Steve Lawrence,Portrait Of My Love,https://en.wikipedia.org/wiki/Portrait_of_My_Love
Steve Lawrence,Go Away Little Girl,https://en.wikipedia.org/wiki/Go_Away_Little_Girl
Freddie Cannon,Way Down Yonder In New Orleans,https://en.wikipedia.org/wiki/Way_Down_Yonder_in_New_Orleans
Anita Bryant,In My Little Corner Of The World,https://en.wikipedia.org/wiki/My_Little_Corner_of_the_World
Larry Verne,Mr. Custer,https://en.wikipedia.org/wiki/Mr._Custer
Fendermen,Mule Skinner Blues,https://en.wikipedia.org/wiki/Mule_Skinner_Blues
Marv Johnson,You've Got What It Takes,https://en.wikipedia.org/wiki/You_Got_What_It_Takes
Marv Johnson,I Love The Way You Love,https://en.wikipedia.org/wiki/Love_the_Way_You_Lie
Hank Locklin,"Please Help Me, I'm Falling","https://en.wikipedia.org/wiki/Please_Help_Me,_I%27m_Falling"
Ron Holden,Love You So,https://en.wikipedia.org/wiki/Love_You_So
Hank Ballard and The Midnighters,Finger Poppin' Time,
Platters,Harbor Lights,https://en.wikipedia.org/wiki/Harbor_Lights
Billy Bland,Let The Little Girl Dance,https://en.wikipedia.org/wiki/The_Little_Match_Girl
Jeanne Black,He'll Have To Stay,https://en.wikipedia.org/wiki/He%27ll_Have_to_Stay
Ferrante and Teicher,Theme From The Apartment,https://en.wikipedia.org/wiki/Ferrante_%26_Teicher
Ferrante and Teicher,Exodus,https://en.wikipedia.org/wiki/Exodus_(soundtrack)
Jimmy Charles,A Million To One,https://en.wikipedia.org/wiki/A_Million_to_One
Andy Williams,The Village Of St. Bernadette,https://en.wikipedia.org/wiki/The_Village_of_St._Bernadette
Andy Williams,Can't Get Used To Losing You,https://en.wikipedia.org/wiki/Can%27t_Get_Used_to_Losing_You
Andy Williams,A Fool Never Learns,https://en.wikipedia.org/wiki/A_Fool_Never_Learns
The Browns,The Old Lamplighter,https://en.wikipedia.org/wiki/The_Old_Lamp-Lighter
Bill Black's Combo,White Silver Sands,https://en.wikipedia.org/wiki/White_Silver_Sands
Bobby Vee,Devil Or Angel,https://en.wikipedia.org/wiki/Devil_or_Angel
Bobby Vee,Take Good Care Of My Baby,https://en.wikipedia.org/wiki/Take_Good_Care_of_My_Baby
Bobby Vee,Rubber Ball,https://en.wikipedia.org/wiki/Bouncy_ball
Bobby Vee,The Night Has a Thousand Eyes,https://en.wikipedia.org/wiki/The_Night_Has_a_Thousand_Eyes_(song)
The Four Preps,Down By The Station,https://en.wikipedia.org/wiki/Down_by_the_Station
The Four Preps,More Money For You And Me,https://en.wikipedia.org/wiki/Catch_Me_If_You_Can
The Little Dippers,Forever,https://en.wikipedia.org/wiki/Forever_(The_Little_Dippers_song)
The Safaris,Image Of A Girl,
Brook Benton,Kiddio,https://en.wikipedia.org/wiki/Kiddio
Brook Benton,The Boll Weevil Song,https://en.wikipedia.org/wiki/Boll_Weevil_(song)
Brook Benton,Think Twice,https://en.wikipedia.org/wiki/Think_Twice_(Brook_Benton_song)
Donnie Brooks,Mission Bell,
Ray Peterson,Tell Laura I Love Her,https://en.wikipedia.org/wiki/Tell_Laura_I_Love_Her
Ray Peterson,Missing You,
Fats Domino,Walking To New Orleans,https://en.wikipedia.org/wiki/Fats_Domino
Fats Domino,Let The Four Winds Blow,
Neil Sedaka,Stairway To Heaven,https://en.wikipedia.org/wiki/Stairway_to_Heaven_(Neil_Sedaka_song)
Neil Sedaka,Calendar Girl,https://en.wikipedia.org/wiki/Calendar_Girl_(song)
Neil Sedaka,Breaking Up Is Hard To Do,https://en.wikipedia.org/wiki/Breaking_Up_Is_Hard_to_Do
Ray Charles,Georgia On My Mind,https://en.wikipedia.org/wiki/Georgia_on_My_Mind
Ray Charles,Hit The Road Jack,https://en.wikipedia.org/wiki/Hit_the_Road_Jack
Ray Charles,One Mint Julep,https://en.wikipedia.org/wiki/One_Mint_Julep
Ray Charles,You Don't Know Me,https://en.wikipedia.org/wiki/You_Don%27t_Know_Me_(Eddy_Arnold_song)
Ray Charles,Here We Go Again,https://en.wikipedia.org/wiki/Here_We_Go_Again_(Ray_Charles_song)
Skip and Flip,Cherry Pie,https://en.wikipedia.org/wiki/Cherry_Pie_(Joe_Josea_song)
Lloyd Price,Lady Luck,
The Crests,Step By Step,
Paul Evans,Happy-Go-Lucky Me,https://en.wikipedia.org/wiki/Mr._Happy_Go_Lucky
Ricky Nelson,Young Emotions,https://en.wikipedia.org/wiki/Young_Emotions
Ricky Nelson,Travelin' Man,https://en.wikipedia.org/wiki/Travelin%27_Man
Ricky Nelson,Hello Mary Lou,https://en.wikipedia.org/wiki/Hello_Mary_Lou
Ricky Nelson,Young World,https://en.wikipedia.org/wiki/Young_World
Ricky Nelson,Teen Age Idol,https://en.wikipedia.org/wiki/Teen_idol
Ricky Nelson,Fools Rush In,https://en.wikipedia.org/wiki/Fools_Rush_In_(Where_Angels_Fear_to_Tread)
Ricky Nelson,For You,https://en.wikipedia.org/wiki/For_You_(Ricky_Nelson_song)
Johnny Burnette,Dreamin',https://en.wikipedia.org/wiki/Dreamin%27_(Johnny_Burnette_song)
Johnny Tillotson,Poetry In Motion,https://en.wikipedia.org/wiki/Poetry_in_Motion_(song)
Johnny Tillotson,Without You,
Johnny Tillotson,It Keeps Right On a-Hurtin',https://en.wikipedia.org/wiki/It_Keeps_Right_On_a-Hurtin%27
Annette Funicello,O Dio Mio,
Joe Jones,You Talk Too Much,https://en.wikipedia.org/wiki/You_Talk_Too_Much
Johnny and The Hurricanes,Beatnik Fly,
Bob Luman,Let's Think About Livin',https://en.wikipedia.org/wiki/Let%27s_Think_About_Living
Guy Mitchell,Heartaches By The Number,https://en.wikipedia.org/wiki/Heartaches_by_the_Number
Barrett Strong,Money,https://en.wikipedia.org/wiki/Money_(That%27s_What_I_Want)
Maurice Williams and the Zodiacs,Stay,https://en.wikipedia.org/wiki/Stay_(Maurice_Williams_song)
Charlie Rich,Lonely Weekends,
Larry Hall,Sandy,
Bobby Lewis,Tossin' And Turnin',https://en.wikipedia.org/wiki/Tossin%27_and_Turnin%27
Bobby Lewis,One Track Mind,
Patsy Cline,I Fall To Pieces,https://en.wikipedia.org/wiki/I_Fall_to_Pieces
Patsy Cline,She's Got You,https://en.wikipedia.org/wiki/She%27s_Got_You
The Highwaymen,Michael,
The Highwaymen,Cotton Fields,https://en.wikipedia.org/wiki/Cotton_Fields
Del Shannon,Runaway,https://en.wikipedia.org/wiki/Runaway_(Del_Shannon_song)
Del Shannon,Hats Off To Larry,https://en.wikipedia.org/wiki/Hats_Off_to_Larry
Del Shannon,Little Town Flirt,https://en.wikipedia.org/wiki/Little_Town_Flirt
Del Shannon,Keep Searchin' (We'll Follow the Sun),https://en.wikipedia.org/wiki/Keep_Searchin%27_(We%27ll_Follow_the_Sun)
The Jive Five,My True Story,https://en.wikipedia.org/wiki/My_True_Story
The String-A-Longs,Wheels,https://en.wikipedia.org/wiki/Wheels_(The_String-A-Longs_song)
Dee Clark,Raindrops,https://en.wikipedia.org/wiki/Raindrops_(Dee_Clark_song)
Joe Dowell,Wooden Heart,https://en.wikipedia.org/wiki/Wooden_Heart
Lawrence Welk,Calcutta,https://en.wikipedia.org/wiki/Calcutta_(song)
The Shirelles,Dedicated To The One I Love,https://en.wikipedia.org/wiki/Dedicated_to_the_One_I_Love
The Shirelles,Will You Love Me Tomorrow,https://en.wikipedia.org/wiki/Will_You_Love_Me_Tomorrow
The Shirelles,Mama Said,https://en.wikipedia.org/wiki/Mama_Said_(The_Shirelles_song)
The Shirelles,Soldier Boy,https://en.wikipedia.org/wiki/Soldier_Boy_(song)
The Shirelles,Baby It's You,https://en.wikipedia.org/wiki/Baby_It%27s_You
The Shirelles,Foolish Little Girl,https://en.wikipedia.org/wiki/Foolish_Little_Girl
The Mar-Keys,Last Night,https://en.wikipedia.org/wiki/Last_Night_(Mar-Keys_composition)
Sue Thompson,Sad Movies (Make Me Cry),https://en.wikipedia.org/wiki/Sad_Movies_(Make_Me_Cry)
Sue Thompson,Norman,https://en.wikipedia.org/wiki/Norman_(song)
Ernie K-Doe,Mother-In-Law,https://en.wikipedia.org/wiki/Mother-in-law_joke
The Dovells,Bristol Stomp,https://en.wikipedia.org/wiki/Bristol_Stomp
The Dovells,You Can't Sit Down,https://en.wikipedia.org/wiki/You_Can%27t_Sit_Down
The Miracles,Shop Around,https://en.wikipedia.org/wiki/Shop_Around
The Miracles,You've Really Got a Hold on Me,https://en.wikipedia.org/wiki/You%27ve_Really_Got_a_Hold_on_Me
The Miracles,Mickey's Monkey,https://en.wikipedia.org/wiki/The_Miracles_Doin%27_Mickey%27s_Monkey
The Miracles,The Tracks of My Tears,https://en.wikipedia.org/wiki/The_Tracks_of_My_Tears
The Miracles,Ooo Baby Baby,https://en.wikipedia.org/wiki/Ooo_Baby_Baby
Gene Mcdaniels,A Hundred Pounds Of Clay,https://en.wikipedia.org/wiki/A_Hundred_Pounds_of_Clay
Dick and Dee Dee,The Mountain's High,https://en.wikipedia.org/wiki/The_Mountain%27s_High
Dick and Dee Dee,Tell Me,https://en.wikipedia.org/wiki/Dick_and_Dee_Dee
Floyd Cramer,On The Rebound,https://en.wikipedia.org/wiki/On_the_Rebound
Floyd Cramer,San Antonio Rose,https://en.wikipedia.org/wiki/New_San_Antonio_Rose
Gary U.S. Bonds,Quarter To Three,https://en.wikipedia.org/wiki/Quarter_to_Three
Gary U.S. Bonds,School Is Out,
Gary U.S. Bonds,Dear Lady Twist,
Gary U.S. Bonds,"Twist, Twist Senora",
Barry Mann,"Who Put The Bomp (In The Bomp, Bomp, Bomp)","https://en.wikipedia.org/wiki/Who_Put_the_Bomp_(in_the_Bomp,_Bomp,_Bomp)"
Chris Kenner,I Like It Like That,https://en.wikipedia.org/wiki/I_Like_It_Like_That_(Chris_Kenner_song)
Jorgen Ingmann,Apache,
Linda Scott,Don't Bet Money Honey,https://en.wikipedia.org/wiki/Don%27t_Bet_Money_Honey
Linda Scott,I've Told Every Little Star,https://en.wikipedia.org/wiki/I%27ve_Told_Ev%27ry_Little_Star
Ferlin Husky,Wings Of A Dove,https://en.wikipedia.org/wiki/Wings_of_a_Dove_(Bob_Ferguson_song)
Marcels,Blue Moon,https://en.wikipedia.org/wiki/Blue_moon
Shep and The Limelites,Daddy's Home,https://en.wikipedia.org/wiki/Daddy%27s_Home_(song)
Troy Shondell,This Time,
"Clarence ""Frogman"" Henry",(I Don't Know Why) But I Do,https://en.wikipedia.org/wiki/(I_Don%27t_Know_Why)_But_I_Do
Kokomo,Asia Minor,https://en.wikipedia.org/wiki/Asia_Minor_(instrumental)
Faron Young,Hello Walls,https://en.wikipedia.org/wiki/Hello_Walls
Dion,Runaround Sue,https://en.wikipedia.org/wiki/Runaround_Sue
Dion,The Wanderer,https://en.wikipedia.org/wiki/The_Wanderer_(Dion_song)
Dion,Lovers Who Wander,https://en.wikipedia.org/wiki/Lovers_Who_Wander
Dion,Little Diane,https://en.wikipedia.org/wiki/Little_Diane
Dion,Ruby Baby,https://en.wikipedia.org/wiki/Ruby_Baby
Dion,Donna the Prima Donna,https://en.wikipedia.org/wiki/Donna_the_Prima_Donna
Arthur Lyman,Yellow Bird,
Timi Yuro,Hurt,
The Capris,There's A Moon Out Tonight,https://en.wikipedia.org/wiki/The_Capris
The Paris Sisters,I Love How You Love Me,https://en.wikipedia.org/wiki/I_Love_How_You_Love_Me
Lee Dorsey,Ya Ya,https://en.wikipedia.org/wiki/Ya_Ya
Lee Dorsey,Working In The Coal Mine,https://en.wikipedia.org/wiki/Working_in_the_Coal_Mine
Bob Moore,Mexico,https://en.wikipedia.org/wiki/Mexico_(instrumental)
Ral Donner,You Don't Know What You've Got (Until You Lose It),https://en.wikipedia.org/wiki/You_Don%27t_Know_What_You%27ve_Got
The Lettermen,The Way You Look Tonight,https://en.wikipedia.org/wiki/The_Way_You_Look_Tonight
The Lettermen,Goin' Out Of My Head / Can't Take My Eyes Off You,https://en.wikipedia.org/wiki/Can%27t_Take_My_Eyes_Off_You
The Lettermen,Hurt So Bad,https://en.wikipedia.org/wiki/Hurt_So_Bad
Pat Boone,Moody River,https://en.wikipedia.org/wiki/Moody_River
Pat Boone,Speedy Gonzales,https://en.wikipedia.org/wiki/Speedy_Gonzales
Adam Wade,Take Good Care Of Her,https://en.wikipedia.org/wiki/Take_Good_Care_of_Her
Adam Wade,The Writing On The Wall,https://en.wikipedia.org/wiki/The_Writing_on_the_Wall_(Adam_Wade_song)
Carla Thomas,Gee Whiz (Look At His Eyes),
Carla Thomas,B-A-B-Y,https://en.wikipedia.org/wiki/B-A-B-Y
Ben E. King,Stand By Me,https://en.wikipedia.org/wiki/Stand_by_Me_(song)
Ben E. King,Spanish Harlem,https://en.wikipedia.org/wiki/Spanish_Harlem_(song)
Ike and Tina Turner,It's Gonna Work Out Fine,https://en.wikipedia.org/wiki/It%27s_Gonna_Work_Out_Fine
The Echoes,Baby Blue,https://en.wikipedia.org/wiki/Baby_blue
Buzz Clifford,Baby Sittin' Boogie,https://en.wikipedia.org/wiki/Baby_Sittin%27_Boogie
Little Caesar and The Romans,Those Oldies But Goodies,
Bert Kaempfert,Wonderland By Night,https://en.wikipedia.org/wiki/Wonderland_by_Night
Bert Kaempfert,Red Roses for a Blue Lady,https://en.wikipedia.org/wiki/Red_Roses_for_a_Blue_Lady
Tony Orlando,Bless You,
Rosie and The Originals,Angel Baby,https://en.wikipedia.org/wiki/Angel_Baby_(Rosie_and_the_Originals_song)
Curtis Lee,Pretty Little Angel Eyes,https://en.wikipedia.org/wiki/Pretty_Little_Angel_Eyes
Lonnie Donegan,Does Your Chewing Gum Lose Its Flavour (On The Bedpost Overnight),https://en.wikipedia.org/wiki/Does_Your_Chewing_Gum_Lose_Its_Flavour_(On_the_Bedpost_Overnight%3F)
Matt Monro,My Kind Of Girl,https://en.wikipedia.org/wiki/My_Kind_of_Girl
Jimmy Dean,Big Bad John,https://en.wikipedia.org/wiki/Big_Bad_John
Jimmy Dean,P.T. 109,https://en.wikipedia.org/wiki/PT-109_(song)
Eddie Hodges,I'm Gonna Knock On Your Door,https://en.wikipedia.org/wiki/I%27m_Gonna_Knock_on_Your_Door
Eddie Hodges,"(Girls, Girls, Girls) Made To Love",
Dave Brubeck,Take Five,https://en.wikipedia.org/wiki/Take_Five
Don Gibson,Sea Of Heartbreak,https://en.wikipedia.org/wiki/Sea_of_Heartbreak
Acker Bilk,Stranger On The Shore,https://en.wikipedia.org/wiki/Stranger_on_the_Shore
Dee Dee Sharp,Mashed Potato Time,https://en.wikipedia.org/wiki/Mashed_Potato_Time
Dee Dee Sharp,Gravy (For My Mashed Potatoes),
Dee Dee Sharp,Do the Bird,
Bobby Vinton,Roses Are Red (My Love),https://en.wikipedia.org/wiki/Roses_Are_Red_(My_Love)
Bobby Vinton,Blue Velvet,https://en.wikipedia.org/wiki/Blue_Velvet_(song)
Bobby Vinton,Blue on Blue,https://en.wikipedia.org/wiki/Blue_on_Blue_(Bobby_Vinton_album)
Bobby Vinton,There! I've Said It Again,https://en.wikipedia.org/wiki/There!_I%27ve_Said_It_Again
Bobby Vinton,Please Love Me Forever,https://en.wikipedia.org/wiki/Please_Love_Me_Forever
David Rose,The Stripper,https://en.wikipedia.org/wiki/The_Stripper
Shelley Fabares,Johnny Angel,https://en.wikipedia.org/wiki/Johnny_Angel
Little Eva,The Loco-Motion,https://en.wikipedia.org/wiki/The_Loco-Motion
The Sensations,Let Me In,https://en.wikipedia.org/wiki/Let_Me_In_(The_Sensations_song)
Bruce Channel,Hey! Baby,https://en.wikipedia.org/wiki/Hey!_Baby
Gene Chandler,Duke Of Earl,https://en.wikipedia.org/wiki/Duke_of_Earl
Freddy Cannon,Palisades Park,https://en.wikipedia.org/wiki/Palisades_Park_(Freddy_Cannon_song)
Claude King,Wolverton Mountain,https://en.wikipedia.org/wiki/Wolverton_Mountain
Mary Wells,The One Who Really Loves You,https://en.wikipedia.org/wiki/The_One_Who_Really_Loves_You
Mary Wells,You Beat Me To The Punch,https://en.wikipedia.org/wiki/You_Beat_Me_to_the_Punch
Mary Wells,My Guy,https://en.wikipedia.org/wiki/My_Guy
Kenny Ball,Midnight In Moscow,
Tommy Roe,Sheila,https://en.wikipedia.org/wiki/Sheila_(Tommy_Roe_song)
Tommy Roe,Everybody,https://en.wikipedia.org/wiki/Everybody_(Tommy_Roe_song)
Tommy Roe,Hooray for Hazel,https://en.wikipedia.org/wiki/Hooray_for_Hazel
Tommy Roe,Sweet Pea,https://en.wikipedia.org/wiki/Sweet_Pea_(song)
Tommy Roe,Dizzy,https://en.wikipedia.org/wiki/Dizzy_(Tommy_Roe_song)
The Orlons,The Wah-Watusi,
The Orlons,South Street,
Joey Dee and The Starliters,Peppermint Twist,https://en.wikipedia.org/wiki/Peppermint_Twist
Joey Dee and The Starliters,Shout,https://en.wikipedia.org/wiki/Shout_(The_Isley_Brothers_song)
The Marvelettes,Playboy,https://en.wikipedia.org/wiki/Playboy_(The_Marvelettes_album)
Nat King Cole,Ramblin' Rose,https://en.wikipedia.org/wiki/Ramblin%27_Rose
Nat King Cole,Those Lazy-Hazy-Crazy Days of Summer,https://en.wikipedia.org/wiki/Those_Lazy-Hazy-Crazy_Days_of_Summer
Nat King Cole,"That Sunday, That Summer","https://en.wikipedia.org/wiki/That_Sunday,_That_Summer"
Jay and The Americans,She Cried,https://en.wikipedia.org/wiki/She_Cried
Jay and The Americans,Come a Little Bit Closer,https://en.wikipedia.org/wiki/Come_a_Little_Bit_Closer
Jay and The Americans,Cara Mia,https://en.wikipedia.org/wiki/Cara_Mia
Jay and The Americans,This Magic Moment,https://en.wikipedia.org/wiki/This_Magic_Moment
Ketty Lester,Love Letters,https://en.wikipedia.org/wiki/Love_letter
Claudine Clark,Party Lights,
Bent Fabric,Alley Cat,https://en.wikipedia.org/wiki/Alley_Cat_(song)
The Isley Brothers,Twist And Shout,https://en.wikipedia.org/wiki/Twist_and_Shout
The Isley Brothers,It's Your Thing,https://en.wikipedia.org/wiki/It%27s_Your_Thing
Richard Chamberlain,Theme From Dr. Kildare,https://en.wikipedia.org/wiki/Theme_from_Dr._Kildare_(Three_Stars_Will_Shine_Tonight)
Ace Cannon,Tuff,https://en.wikipedia.org/wiki/Tuff
Clyde McPhatter,Lover Please,
Barbara George,I Know (You Don't Love Me No More),https://en.wikipedia.org/wiki/I_Know_(You_Don%27t_Love_Me_No_More)
Burl Ives,A Little Bitty Tear,https://en.wikipedia.org/wiki/A_Little_Bitty_Tear
Burl Ives,Funny Way Of Laughin',https://en.wikipedia.org/wiki/It%27s_Just_My_Funny_Way_of_Laughin%27
Emilio Pericoli,Al Di La,https://en.wikipedia.org/wiki/Al_di_l%C3%A0
Ernie Maresca,Shout! Shout! (Knock Yourself Out),https://en.wikipedia.org/wiki/Shout!_Shout!_(Knock_Yourself_Out)
Don and Juan,What's Your Name,https://en.wikipedia.org/wiki/What%27s_Your_Name_(Don_and_Juan_song)
The Corsairs,Smoky Places,
Booker T. and The M.G.'s,Green Onions,
Booker T. and The M.G.'s,Groovin',https://en.wikipedia.org/wiki/Groovin%27
Booker T. and The M.G.'s,Time Is Tight,https://en.wikipedia.org/wiki/Time_Is_Tight
Booker T. and The M.G.'s,Hang 'Em High,https://en.wikipedia.org/wiki/Hang_%27Em_High
Frankie Valli and The Four Seasons,Sherry,https://en.wikipedia.org/wiki/Sherry
Frankie Valli and The Four Seasons,Walk Like A Man,https://en.wikipedia.org/wiki/Walk_Like_a_Man_(The_Four_Seasons_song)
Joanie Sommers,Johnny Get Angry,
"Dave ""Baby"" Cortez",Rinky Dink,https://en.wikipedia.org/wiki/Rinky_Dink
Henry Mancini,Moon River,https://en.wikipedia.org/wiki/Moon_River
Henry Mancini,Days Of Wine and Roses,https://en.wikipedia.org/wiki/Days_of_Wine_and_Roses_(film)
Ray Stevens,Ahab The Arab,https://en.wikipedia.org/wiki/Ahab_the_Arab
Ray Stevens,Gitarzan,https://en.wikipedia.org/wiki/Gitarzan
Gene Pitney,(The Man Who Shot) Liberty Valance,https://en.wikipedia.org/wiki/The_Man_Who_Shot_Liberty_Valance
Gene Pitney,Town Without Pity,https://en.wikipedia.org/wiki/Town_Without_Pity_(song)
Gene Pitney,It Hurts to Be in Love,https://en.wikipedia.org/wiki/It_Hurts_to_Be_in_Love
Joe Henderson,Snap Your Fingers,https://en.wikipedia.org/wiki/Snap_Your_Fingers
Chris Montez,Let's Dance,https://en.wikipedia.org/wiki/Let%27s_Dance_(Chris_Montez_song)
Chris Montez,The More I See You,https://en.wikipedia.org/wiki/The_More_I_See_You
Johnny Crawford,Cindy's Birthday,
Barbara Lynn,You'll Lose A Good Thing,https://en.wikipedia.org/wiki/You%27ll_Lose_a_Good_Thing
The Crystals,Uptown,https://en.wikipedia.org/wiki/Uptown_(The_Crystals_song)
The Crystals,Da Doo Ron Ron,https://en.wikipedia.org/wiki/Da_Doo_Ron_Ron
The Crystals,Then He Kissed Me,https://en.wikipedia.org/wiki/Then_He_Kissed_Me
Dickey Lee,Patches,
Dickey Lee,Laurie (Strange Things Happen),
Larry Finnegan,Dear One,https://en.wikipedia.org/wiki/Dear_One_(Larry_Finnegan_song)
James Darren,Her Royal Majesty,
Walter Brennan,Old Rivers,https://en.wikipedia.org/wiki/Old_Rivers
Billy Vaughn,A Swingin' Safari,https://en.wikipedia.org/wiki/A_Swingin%27_Safari
Billy Joe and The Checkmates,Percolator (Twist),
Jimmy Soul,Twistin' Matilda,
Jimmy Soul,If You Wanna Be HappyIf You Wanna Be Happy,https://en.wikipedia.org/wiki/If_You_Wanna_Be_Happy
Jimmy Smith,Walk On The Wild Side,https://en.wikipedia.org/wiki/Walk_on_the_Wild_Side_(David_and_Bernstein_song)
King Curtis,Soul Twist,https://en.wikipedia.org/wiki/Soul_Twist
The Ikettes,I'm Blue (The Gong-Gong Song),https://en.wikipedia.org/wiki/I%27m_Blue_(The_Gong-Gong_Song)
The Kingston Trio,Where Have All The Flowers Gone?,https://en.wikipedia.org/wiki/Where_Have_All_the_Flowers_Gone%3F
"Peter, Paul and Mary",If I Had A Hammer,https://en.wikipedia.org/wiki/If_I_Had_a_Hammer
"Peter, Paul and Mary","Puff, The Magic Dragon","https://en.wikipedia.org/wiki/Puff,_the_Magic_Dragon"
"Peter, Paul and Mary",Blowin' In The Wind,https://en.wikipedia.org/wiki/Blowin%27_in_the_Wind
"Peter, Paul and Mary",I Dig Rock And Roll Music,https://en.wikipedia.org/wiki/I_Dig_Rock_and_Roll_Music
Ronnie and The Hi-lites,I Wish That We Were Married,
The Beach Boys,Surfin' Safari,https://en.wikipedia.org/wiki/Surfin%27_Safari
The Beach Boys,Surfin' U.S.A.,https://en.wikipedia.org/wiki/Surfin%27_U.S.A.
The Beach Boys,Surfer Girl,https://en.wikipedia.org/wiki/Surfer_Girl
The Beach Boys,Shut Down,https://en.wikipedia.org/wiki/Shut_Down_(The_Beach_Boys_song)
The Beach Boys,I Get Around,https://en.wikipedia.org/wiki/I_Get_Around
The Beach Boys,"Help Me, Rhonda","https://en.wikipedia.org/wiki/Help_Me,_Rhonda"
The Beach Boys,California Girls,https://en.wikipedia.org/wiki/California_Girls
The Beach Boys,Good Vibrations,https://en.wikipedia.org/wiki/Good_Vibrations
The Beach Boys,Sloop John B,https://en.wikipedia.org/wiki/Sloop_John_B
The Beach Boys,Barbara Ann,https://en.wikipedia.org/wiki/Barbara_Ann
Jimmy Gilmer and The Fireballs,Sugar Shack,https://en.wikipedia.org/wiki/Sugar_Shack
Skeeter Davis,The End Of The World,https://en.wikipedia.org/wiki/The_End_of_the_World_(Skeeter_Davis_song)
Skeeter Davis,I Can't Stay Mad at You,https://en.wikipedia.org/wiki/I_Can%27t_Stay_Mad_at_You
The Cascades,Rhythm Of The Rain,https://en.wikipedia.org/wiki/Rhythm_of_the_Rain
The Chiffons,He's So Fine,https://en.wikipedia.org/wiki/He%27s_So_Fine
The Chiffons,One Fine Day,https://en.wikipedia.org/wiki/One_Fine_Day_(song)
Paul and Paula,Hey Paula,https://en.wikipedia.org/wiki/Hey_Paula_(song)
Stevie Wonder,Fingertips,https://en.wikipedia.org/wiki/Fingertips
Stevie Wonder,Uptight (Everything's Alright),https://en.wikipedia.org/wiki/Uptight_(Everything%27s_Alright)
Stevie Wonder,I Was Made To Love Her,https://en.wikipedia.org/wiki/I_Was_Made_to_Love_Her_(song)
Stevie Wonder,Shoo-Bee-Doo-Be-Doo-Da-Day,https://en.wikipedia.org/wiki/Shoo-Be-Doo-Be-Doo-Da-Day
Stevie Wonder,My Cherie Amour,https://en.wikipedia.org/wiki/My_Cherie_Amour_(song)
The Village Stompers,Washington Square,https://en.wikipedia.org/wiki/Washington_Square_(composition)
The Impressions,It's All Right,https://en.wikipedia.org/wiki/It%27s_All_Right
The Impressions,Keep On Pushing,https://en.wikipedia.org/wiki/Keep_On_Pushing
The Impressions,I'm So Proud,
The Angels,My Boyfriend's Back,https://en.wikipedia.org/wiki/My_Boyfriend%27s_Back_(song)
Kyu Sakamoto,Sukiyaki,https://en.wikipedia.org/wiki/Sukiyaki
Lesley Gore,She's A Fool,https://en.wikipedia.org/wiki/She%27s_a_Fool
Lesley Gore,It's My Party,https://en.wikipedia.org/wiki/It%27s_My_Party_(Lesley_Gore_song)
Lesley Gore,Judy's Turn to Cry,https://en.wikipedia.org/wiki/Judy%27s_Turn_to_Cry
Lesley Gore,You Don't Own Me,https://en.wikipedia.org/wiki/You_Don%27t_Own_Me
Lesley Gore,California Nights,https://en.wikipedia.org/wiki/California_Nights
The Tymes,So Much In Love,https://en.wikipedia.org/wiki/So_Much_in_Love
Dale and Grace,I'm Leaving It Up To You,https://en.wikipedia.org/wiki/I%27m_Leaving_It_Up_to_You
Nino Tempo and April Stevens,Deep Purple,https://en.wikipedia.org/wiki/Deep_Purple
The Surfaris,Wipe Out,https://en.wikipedia.org/wiki/Wipe_Out_(instrumental)
The Surfaris,Wipe Out,https://en.wikipedia.org/wiki/Wipe_Out_(instrumental)
Al Martino,I Love You Because,https://en.wikipedia.org/wiki/I_Love_You_Because_(song)
Al Martino,"Painted, Tainted Rose",
Al Martino,I Love You More and More Every Day,
The Rockin' Rebels,Wild Weekend,
Inez and Charlie Foxx,Mockingbird,https://en.wikipedia.org/wiki/Mockingbird
Little Peggy March,I Will Follow Him,https://en.wikipedia.org/wiki/I_Will_Follow_Him
The Chantays,Pipeline,https://en.wikipedia.org/wiki/Pipeline_(instrumental)
Jan and Dean,Surf City,https://en.wikipedia.org/wiki/Surf_City_(song)
Jan and Dean,Dead Man's Curve,https://en.wikipedia.org/wiki/Dead_Man%27s_Curve_(song)
Jan and Dean,The Little Old Lady from Pasadena,https://en.wikipedia.org/wiki/The_Little_Old_Lady_(from_Pasadena)
Eydie Gorme,Blame It On The Bossa Nova,https://en.wikipedia.org/wiki/Blame_It_on_the_Bossa_Nova
Martha and The Vandellas,Heat Wave,https://en.wikipedia.org/wiki/Heat_Wave_(Martha_and_the_Vandellas_song)
Martha and The Vandellas,Come and Get These Memories,https://en.wikipedia.org/wiki/Come_and_Get_These_Memories
Martha and The Vandellas,Dancing in the Street,https://en.wikipedia.org/wiki/Dancing_in_the_Street
Martha and The Vandellas,Nowhere to Run,https://en.wikipedia.org/wiki/2048:_Nowhere_to_Run
Martha and The Vandellas,Jimmy Mack,https://en.wikipedia.org/wiki/Jimmy_Mack
Randy and The Rainbows,Denise,https://en.wikipedia.org/wiki/Denise_(song)
The Rooftop Singers,Walk Right In,https://en.wikipedia.org/wiki/Walk_Right_In
Trini Lopez,If I Had A Hammer,https://en.wikipedia.org/wiki/If_I_Had_a_Hammer
The Essex,Easier Said Than Done,https://en.wikipedia.org/wiki/Easier_Said_Than_Done
Los Indios Tabajaras,Maria Elena,https://en.wikipedia.org/wiki/Mar%C3%ADa_Elena_(song)
Ruby And The Romantics,Our Day Will Come,https://en.wikipedia.org/wiki/Our_Day_Will_Come
Barbara Lewis,Hello Stranger,https://en.wikipedia.org/wiki/Hello_Stranger
Barbara Lewis,Baby I'm Yours,https://en.wikipedia.org/wiki/Baby_I%27m_Yours_(Barbara_Lewis_song)
The Ronettes,Be My Baby,https://en.wikipedia.org/wiki/Be_My_Baby
Major Lance,The Monkey Time,
Major Lance,"Um, Um, Um, Um, Um, Um","https://en.wikipedia.org/wiki/Um,_Um,_Um,_Um,_Um,_Um"
The Four Seasons,Candy Girl,https://en.wikipedia.org/wiki/Candy_Girl_(The_Four_Seasons_song)
The Four Seasons,Rag Doll,https://en.wikipedia.org/wiki/Rag_Doll_(The_Four_Seasons_song)
The Four Seasons,Dawn (Go Away),https://en.wikipedia.org/wiki/Dawn_(Go_Away)
The Four Seasons,Ronnie,https://en.wikipedia.org/wiki/Ronnie_(The_Four_Seasons_song)
Bill Anderson,Still,https://en.wikipedia.org/wiki/Still_(Bill_Anderson_song)
Garnet Mimms and the Enchanters,Cry Baby,https://en.wikipedia.org/wiki/Cry_Baby_(Garnet_Mimms_song)
Lou Christie,Two Faces Have I,https://en.wikipedia.org/wiki/Two_Faces_Have_I
Lou Christie,Lightnin' Strikes,https://en.wikipedia.org/wiki/Lou_Christie
Lou Christie,I'm Gonna Make You Mine,https://en.wikipedia.org/wiki/I%27m_Gonna_Make_You_Mine_(Lou_Christie_song)
Lonnie Mack,"Memphis, Tennessee","https://en.wikipedia.org/wiki/Memphis,_Tennessee"
Kai Winding,More,https://en.wikipedia.org/wiki/More_(Theme_from_Mondo_Cane)
Bill Pursell,Our Winter Love,https://en.wikipedia.org/wiki/Bill_Pursell
Tony Bennett,I Wanna Be Around,https://en.wikipedia.org/wiki/I_Wanna_Be_Around
The Jaynetts,Sally Go 'Round the Roses,https://en.wikipedia.org/wiki/Sally_Go_%27Round_the_Roses
Marvin Gaye,Pride and Joy,https://en.wikipedia.org/wiki/Pride_and_Joy_(Marvin_Gaye_song)
Marvin Gaye,I'll Be Doggone,https://en.wikipedia.org/wiki/I%27ll_Be_Doggone
Marvin Gaye,How Sweet It Is (To Be Loved by You),https://en.wikipedia.org/wiki/How_Sweet_It_Is_(To_Be_Loved_by_You)
Marvin Gaye,Too Busy Thinking About My Baby,https://en.wikipedia.org/wiki/Too_Busy_Thinking_About_My_Baby
Marvin Gaye,That's The Way Love Is,https://en.wikipedia.org/wiki/That%27s_the_Way_Love_Is_(The_Isley_Brothers_song)
Marvin Gaye,I Heard It Through The Grapevine,https://en.wikipedia.org/wiki/I_Heard_It_Through_the_Grapevine
Rufus Thomas,Walking the Dog,https://en.wikipedia.org/wiki/Walking_the_Dog
Ned Miller,From a Jack to a King,https://en.wikipedia.org/wiki/From_a_Jack_to_a_King
Johnny Mathis,What Will My Mary Say,
Jan Bradley,Mama Didn't Lie,
The Cookies,Don't Say Nothin' Bad (About My Baby),https://en.wikipedia.org/wiki/Don%27t_Say_Nothin%27_Bad_(About_My_Baby)
Johnny Cash,Ring of Fire,https://en.wikipedia.org/wiki/Ring_of_Fire
Johnny Cash,A Boy Named Sue,https://en.wikipedia.org/wiki/A_Boy_Named_Sue
Doris Troy,Just One Look,https://en.wikipedia.org/wiki/Just_One_Look_(song)
Allan Sherman,"Hello Muddah, Hello Faddah! (A Letter from Camp)","https://en.wikipedia.org/wiki/Hello_Muddah,_Hello_Fadduh_(A_Letter_from_Camp)"
Rolf Harris,"Tie Me Kangaroo Down, Sport","https://en.wikipedia.org/wiki/Tie_Me_Kangaroo_Down,_Sport"
Sunny and the Sunglows,Talk to Me,
Bobby Bare,500 Miles,https://en.wikipedia.org/wiki/500_Miles
The Beatles,I Want to Hold Your Hand,https://en.wikipedia.org/wiki/I_Want_to_Hold_Your_Hand
The Beatles,She Loves You,https://en.wikipedia.org/wiki/She_Loves_You
The Beatles,A Hard Day's Night,https://en.wikipedia.org/wiki/A_Hard_Day%27s_Night_(film)
The Beatles,Love Me Do,https://en.wikipedia.org/wiki/Love_Me_Do
The Beatles,Please Please Me,https://en.wikipedia.org/wiki/Please_Please_Me
The Beatles,Twist and Shout,https://en.wikipedia.org/wiki/Twist_and_Shout_(album)
The Beatles,Can't Buy Me Love,https://en.wikipedia.org/wiki/Can%27t_Buy_Me_Love
The Beatles,Do You Want to Know a Secret,https://en.wikipedia.org/wiki/Do_You_Want_to_Know_a_Secret
The Beatles,I Saw Her Standing There,https://en.wikipedia.org/wiki/I_Saw_Her_Standing_There
The Beatles,Help!,https://en.wikipedia.org/wiki/Help!_(song)
The Beatles,Ticket to Ride,https://en.wikipedia.org/wiki/Ticket_to_Ride
The Beatles,Eight Days a Week,https://en.wikipedia.org/wiki/Eight_Days_a_Week
The Beatles,We Can Work It Out,https://en.wikipedia.org/wiki/We_Can_Work_It_Out
The Beatles,Paperback Writer,https://en.wikipedia.org/wiki/Paperback_Writer
The Beatles,Nowhere Man,https://en.wikipedia.org/wiki/Nowhere_Man_(song)
The Beatles,Yellow Submarine,https://en.wikipedia.org/wiki/Yellow_Submarine_(album)
The Beatles,All You Need Is Love,https://en.wikipedia.org/wiki/All_You_Need_Is_Love
The Beatles,Penny Lane,https://en.wikipedia.org/wiki/Penny_Lane
The Beatles,Hey Jude,https://en.wikipedia.org/wiki/Hey_Jude_(Beatles_album)
The Beatles,Lady Madonna,https://en.wikipedia.org/wiki/Lady_Madonna
The Beatles,Revolution,https://en.wikipedia.org/wiki/Revolution_(Beatles_song)
The Beatles,Something,https://en.wikipedia.org/wiki/Something_(Beatles_song)
The Beatles,Come Together,https://en.wikipedia.org/wiki/Come_Together
Louis Armstrong,"Hello, Dolly!","https://en.wikipedia.org/wiki/Hello,_Dolly!_(song)"
Dean Martin,Everybody Loves Somebody,https://en.wikipedia.org/wiki/Everybody_Loves_Somebody
Dean Martin,The Door Is Still Open to My Heart,https://en.wikipedia.org/wiki/The_Door_Is_Still_Open_to_My_Heart_(album)
Gale Garnett,We'll Sing in the Sunshine,https://en.wikipedia.org/wiki/We%27ll_Sing_in_the_Sunshine
J. Frank Wilson and the Cavaliers,Last Kiss,https://en.wikipedia.org/wiki/Last_Kiss
The Supremes,Where Did Our Love Go,https://en.wikipedia.org/wiki/Where_Did_Our_Love_Go
The Supremes,Baby Love,https://en.wikipedia.org/wiki/Baby_Love
The Supremes,Stop! In the Name of Love,https://en.wikipedia.org/wiki/Stop!_In_the_Name_of_Love
The Supremes,Back in My Arms Again,https://en.wikipedia.org/wiki/Back_in_My_Arms_Again
The Supremes,You Can't Hurry Love,https://en.wikipedia.org/wiki/You_Can%27t_Hurry_Love
The Supremes,You Keep Me Hangin' On,https://en.wikipedia.org/wiki/You_Keep_Me_Hangin%27_On
The Supremes,My World Is Empty Without You,https://en.wikipedia.org/wiki/My_World_Is_Empty_Without_You
The Supremes,Love Is Here And Now You're Gone,https://en.wikipedia.org/wiki/Love_Is_Here_and_Now_You%27re_Gone
The Supremes,The Happening,https://en.wikipedia.org/wiki/The_Happening_(song)
The Supremes,Reflections,https://en.wikipedia.org/wiki/Reflections_(The_Supremes_song)
The Supremes,Love Child,https://en.wikipedia.org/wiki/Love_Child_(The_Supremes_album)
Barbra Streisand,People,https://en.wikipedia.org/wiki/People_(Barbra_Streisand_song)
Al Hirt,Java,https://en.wikipedia.org/wiki/Java_(instrumental)
Al Hirt,Cotton Candy,https://en.wikipedia.org/wiki/Cotton_candy
Manfred Mann,Do Wah Diddy Diddy,https://en.wikipedia.org/wiki/Do_Wah_Diddy_Diddy
Manfred Mann,The Mighty Quinn,https://en.wikipedia.org/wiki/Quinn_the_Eskimo_(Mighty_Quinn)
Billy J. Kramer and The Dakotas,Little Children,https://en.wikipedia.org/wiki/Little_Children_(song)
Billy J. Kramer and The Dakotas,Bad to Me,https://en.wikipedia.org/wiki/Bad_to_Me
The Ray Charles Singers,Love Me with All Your Heart (Cuando Calienta El Sol),https://en.wikipedia.org/wiki/Love_Me_with_All_Your_Heart
The Dixie Cups,Chapel of Love,https://en.wikipedia.org/wiki/Chapel_of_Love
Terry Stafford,Suspicion,https://en.wikipedia.org/wiki/Suspicion_(Terry_Stafford_song)
The Dave Clark Five,Because,https://en.wikipedia.org/wiki/Because_(The_Dave_Clark_Five_song)
The Dave Clark Five,Can't You See That She's Mine,https://en.wikipedia.org/wiki/Can%27t_You_See_That_She%27s_Mine
The Dave Clark Five,Do You Love Me,https://en.wikipedia.org/wiki/Do_You_Love_Me
The Newbeats,Bread and Butter,https://en.wikipedia.org/wiki/Bread_and_Butter_(The_Newbeats_song)
Peter and Gordon,A World Without Love,https://en.wikipedia.org/wiki/A_World_Without_Love
Peter and Gordon,I Go to Pieces,https://en.wikipedia.org/wiki/I_Go_to_Pieces
Peter and Gordon,True Love Ways,https://en.wikipedia.org/wiki/True_Love_Ways
Peter and Gordon,Lady Godiva,https://en.wikipedia.org/wiki/Lady_Godiva
Peter and Gordon,Woman,https://en.wikipedia.org/wiki/Woman_(Paul_McCartney_song)
The Honeycombs,Have I the Right?,https://en.wikipedia.org/wiki/Have_I_the_Right%3F
The Serendipity Singers,Don't Let the Rain Come Down (Crooked Little Man),https://en.wikipedia.org/wiki/Don%27t_Let_the_Rain_Come_Down_(Crooked_Little_Man)
Betty Everett and Jerry Butler,Let It Be Me,https://en.wikipedia.org/wiki/Let_It_Be_Me_(The_Everly_Brothers_song)
Dusty Springfield,Wishin' and Hopin',https://en.wikipedia.org/wiki/Wishin%27_and_Hopin%27
Dusty Springfield,You Don't Have To Say You Love Me,https://en.wikipedia.org/wiki/You_Don%27t_Have_to_Say_You_Love_Me
Dionne Warwick,Walk On By,https://en.wikipedia.org/wiki/Walk_On_By_(song)
Dionne Warwick,Anyone Who Had a Heart,https://en.wikipedia.org/wiki/Anyone_Who_Had_a_Heart_(song)
Dionne Warwick,Message To Michael,https://en.wikipedia.org/wiki/Message_to_Michael
Dionne Warwick,Alfie,https://en.wikipedia.org/wiki/Alfie_(song)
Dionne Warwick,(Theme From) Valley Of The Dolls,https://en.wikipedia.org/wiki/Dionne_Warwick_in_Valley_of_the_Dolls
Dionne Warwick,Do You Know The Way To San Jose,https://en.wikipedia.org/wiki/Do_You_Know_the_Way_to_San_Jose
Dionne Warwick,This Girl's In Love With You,https://en.wikipedia.org/wiki/This_Girl%27s_in_Love_with_You
The Animals,The House of the Rising Sun,https://en.wikipedia.org/wiki/The_House_of_the_Rising_Sun
The Animals,We Gotta Get out of This Place,https://en.wikipedia.org/wiki/We_Gotta_Get_out_of_This_Place
The Animals,Sky Pilot,https://en.wikipedia.org/wiki/Sky_Pilot_(song)
Ronny and the Daytonas,G.T.O.,https://en.wikipedia.org/wiki/GTO_(Ronny_%26_the_Daytonas_song)
Johnny Rivers,Memphis,"https://en.wikipedia.org/wiki/Memphis,_Tennessee"
Johnny Rivers,The Seventh Son,https://en.wikipedia.org/wiki/The_Seventh_Son
Johnny Rivers,Poor Side of Town,https://en.wikipedia.org/wiki/Poor_Side_of_Town
Johnny Rivers,Secret Agent Man,https://en.wikipedia.org/wiki/Secret_Agent_Man_(song)
Johnny Rivers,Baby I Need Your Lovin',https://en.wikipedia.org/wiki/Baby_I_Need_Your_Loving
Danny Williams,White On White,https://en.wikipedia.org/wiki/White_on_White
The Rip Chords,Hey Little Cobra,https://en.wikipedia.org/wiki/Hey_Little_Cobra
Betty Everett,The Shoop Shoop Song (It's in His Kiss),https://en.wikipedia.org/wiki/The_Shoop_Shoop_Song_(It%27s_in_His_Kiss)
Millie Small,My Boy Lollipop,https://en.wikipedia.org/wiki/My_Boy_Lollipop
Gerry and the Pacemakers,Don't Let the Sun Catch You Crying,https://en.wikipedia.org/wiki/Don%27t_Let_the_Sun_Catch_You_Crying
Gerry and the Pacemakers,How Do You Do It?,https://en.wikipedia.org/wiki/How_Do_You_Do_It%3F
Gerry and the Pacemakers,Ferry Cross the Mersey,https://en.wikipedia.org/wiki/Ferry_Cross_the_Mersey
Chad and Jeremy,A Summer Song,https://en.wikipedia.org/wiki/A_Summer_Song
Stan Getz and Astrud Gilberto,The Girl from Ipanema,https://en.wikipedia.org/wiki/The_Girl_from_Ipanema
The Shangri-Las,Remember (Walking in the Sand),https://en.wikipedia.org/wiki/Remember_(Walking_in_the_Sand)
The Shangri-Las,Leader of the Pack,https://en.wikipedia.org/wiki/Leader_of_the_Pack
Bobby Freeman,C'mon and Swim,
The Four Tops,Baby I Need Your Loving,https://en.wikipedia.org/wiki/Baby_I_Need_Your_Loving
Diane Renay,Navy Blue,https://en.wikipedia.org/wiki/Navy_blue
The Bachelors,Diane,https://en.wikipedia.org/wiki/Diane_(1927_song)
The Marketts,Out of Limits,https://en.wikipedia.org/wiki/Out_of_Limits
The Hondells,Little Honda,https://en.wikipedia.org/wiki/The_Hondells
Bobby Goldsboro,See the Funny Little Clown,https://en.wikipedia.org/wiki/See_the_Funny_Little_Clown
Bobby Goldsboro,Little Things,https://en.wikipedia.org/wiki/Little_Things_(Bobby_Goldsboro_song)
Bobby Goldsboro,Honey,https://en.wikipedia.org/wiki/Honey_(Bobby_Goldsboro_song)
The Reflections,(Just Like) Romeo and Juliet,https://en.wikipedia.org/wiki/(Just_Like)_Romeo_and_Juliet
The New Christy Minstrels,Today,
Joe Hinton,Funny How Time Slips Away,https://en.wikipedia.org/wiki/Funny_How_Time_Slips_Away
The Temptations,The Way You Do the Things You Do,https://en.wikipedia.org/wiki/The_Way_You_Do_the_Things_You_Do
The Temptations,My Girl,https://en.wikipedia.org/wiki/My_Girl_(The_Temptations_song)
The Temptations,Ain't Too Proud to Beg,https://en.wikipedia.org/wiki/Ain%27t_Too_Proud_to_Beg
The Temptations,Beauty Is Only Skin Deep,https://en.wikipedia.org/wiki/Beauty_Is_Only_Skin_Deep
The Temptations,You're My Everything,https://en.wikipedia.org/wiki/You%27re_My_Everything_(The_Temptations_song)
The Temptations,I Wish It Would Rain,https://en.wikipedia.org/wiki/I_Wish_It_Would_Rain
The Temptations,I Can't Get Next To You,https://en.wikipedia.org/wiki/I_Can%27t_Get_Next_to_You
The Temptations,"Run Away Child, Running Wild","https://en.wikipedia.org/wiki/Runaway_Child,_Running_Wild"
The Trashmen,Surfin' Bird,https://en.wikipedia.org/wiki/Surfin%27_Bird
The Tams,What Kind of Fool (Do You Think I Am),https://en.wikipedia.org/wiki/What_Kind_of_Fool_(Do_You_Think_I_Am)
The Kinks,You Really Got Me,https://en.wikipedia.org/wiki/You_Really_Got_Me
The Kinks,Tired of Waiting for You,https://en.wikipedia.org/wiki/Tired_of_Waiting_for_You
The Kinks,All Day and All of the Night,https://en.wikipedia.org/wiki/All_Day_and_All_of_the_Night
Sammy Davis Jr.,The Shelter of Your Arms,https://en.wikipedia.org/wiki/The_Shelter_of_Your_Arms
Sammy Davis Jr.,I've Gotta Be Me,https://en.wikipedia.org/wiki/I%27ve_Gotta_Be_Me
The Jelly Beans,I Wanna Love Him So Bad,
Roger Miller,Chug-a-Lug,https://en.wikipedia.org/wiki/Chug-a-Lug_(Roger_Miller_song)
Roger Miller,Dang Me,https://en.wikipedia.org/wiki/Dang_Me
Roger Miller,King of the Road,https://en.wikipedia.org/wiki/King_of_the_Road_(song)
Nancy Wilson,(You Don't Know) How Glad I Am,https://en.wikipedia.org/wiki/I_Don%27t_Know_How_to_Love_Him
The Kingsmen,Money (That's What I Want),https://en.wikipedia.org/wiki/Money_(That%27s_What_I_Want)
The Kingsmen,Louie Louie,https://en.wikipedia.org/wiki/Louie_Louie
The Kingsmen,The Jolly Green Giant,
The Searchers,Don't Throw Your Love Away,https://en.wikipedia.org/wiki/Don%27t_Throw_Your_Love_Away
The Searchers,Needles and Pins,https://en.wikipedia.org/wiki/Needles_and_Pins_(song)
The Searchers,Love Potion No. 9,https://en.wikipedia.org/wiki/Love_Potion_No._9_(song)
Tommy Tucker,Hi-Heel Sneakers,https://en.wikipedia.org/wiki/Hi-Heel_Sneakers
Robert Maxwell,Shangri-La,https://en.wikipedia.org/wiki/Shangri-La
Jumpin' Gene Simmons,Haunted House,https://en.wikipedia.org/wiki/Haunted_house
Jimmy Hughes,Steal Away,https://en.wikipedia.org/wiki/Steal_Away
Sam the Sham and the Pharaohs,Wooly Bully,https://en.wikipedia.org/wiki/Wooly_Bully
Sam the Sham and the Pharaohs,Li'l Red Riding Hood,https://en.wikipedia.org/wiki/Li%27l_Red_Riding_Hood
Four Tops,I Can't Help Myself (Sugar Pie Honey Bunch),https://en.wikipedia.org/wiki/I_Can%27t_Help_Myself_(Sugar_Pie_Honey_Bunch)
Four Tops,It's the Same Old Song,https://en.wikipedia.org/wiki/It%27s_the_Same_Old_Song
Four Tops,Reach Out I'll Be There,https://en.wikipedia.org/wiki/Reach_Out_I%27ll_Be_There
Four Tops,Bernadette,https://en.wikipedia.org/wiki/Bernadette_(Four_Tops_song)
The Rolling Stones,(I Can't Get No) Satisfaction,https://en.wikipedia.org/wiki/(I_Can%27t_Get_No)_Satisfaction
The Rolling Stones,The Last Time,https://en.wikipedia.org/wiki/The_Last_Time_(The_Rolling_Stones_song)
The Rolling Stones,"Paint It, Black",https://en.wikipedia.org/wiki/Paint_It_Black
The Rolling Stones,19th Nervous Breakdown,https://en.wikipedia.org/wiki/19th_Nervous_Breakdown
The Rolling Stones,Ruby Tuesday,https://en.wikipedia.org/wiki/Ruby_Tuesday_(song)
The Rolling Stones,Jumpin' Jack Flash,https://en.wikipedia.org/wiki/Jumpin%27_Jack_Flash
The Rolling Stones,Honky Tonk Women,https://en.wikipedia.org/wiki/Honky_Tonk_Women
We Five,You Were on My Mind,https://en.wikipedia.org/wiki/You_Were_on_My_Mind
The Righteous Brothers,You've Lost That Lovin' Feelin',https://en.wikipedia.org/wiki/You%27ve_Lost_That_Lovin%27_Feelin%27
The Righteous Brothers,Unchained Melody,https://en.wikipedia.org/wiki/Unchained_Melody
The Righteous Brothers,Just Once in My Life,https://en.wikipedia.org/wiki/Just_Once_in_My_Life
The Righteous Brothers,(You're My) Soul and Inspiration,https://en.wikipedia.org/wiki/(You%27re_My)_Soul_and_Inspiration
Petula Clark,Downtown,https://en.wikipedia.org/wiki/Downtown_(Petula_Clark_song)
Petula Clark,I Know a Place,https://en.wikipedia.org/wiki/I_Know_a_Place_(Petula_Clark_album)
Petula Clark,My Love,https://en.wikipedia.org/wiki/My_Love_(Petula_Clark_song)
Petula Clark,This Is My Song,https://en.wikipedia.org/wiki/This_Is_My_Song_(1967_song)
Petula Clark,Don't Sleep In The Subway,https://en.wikipedia.org/wiki/Don%27t_Sleep_in_the_Subway
Herman's Hermits,Can't You Hear My Heartbeat,https://en.wikipedia.org/wiki/Can%27t_You_Hear_My_Heartbeat
Herman's Hermits,"Mrs. Brown, You've Got a Lovely Daughter","https://en.wikipedia.org/wiki/Mrs._Brown,_You%27ve_Got_a_Lovely_Daughter"
Herman's Hermits,Silhouettes,https://en.wikipedia.org/wiki/Silhouette
Herman's Hermits,"I'm Henry the Eighth, I Am","https://en.wikipedia.org/wiki/I%27m_Henery_the_Eighth,_I_Am"
Herman's Hermits,Wonderful World,https://en.wikipedia.org/wiki/Wonderful_World_(Sam_Cooke_song)
Herman's Hermits,Dandy,https://en.wikipedia.org/wiki/Dandy
Herman's Hermits,There's A Kind Of Hush,https://en.wikipedia.org/wiki/There%27s_a_Kind_of_Hush
Jewel Akens,The Birds and the Bees,https://en.wikipedia.org/wiki/The_Birds_and_the_Bees_(Jewel_Akens_song)
Mel Carter,"Hold Me, Thrill Me, Kiss Me","https://en.wikipedia.org/wiki/Hold_Me,_Thrill_Me,_Kiss_Me"
Junior Walker and the All Stars,Shotgun,https://en.wikipedia.org/wiki/Shotgun_(Junior_Walker_%26_the_All_Stars_song)
Sonny and Cher,I Got You Babe,https://en.wikipedia.org/wiki/I_Got_You_Babe
Sonny and Cher,Baby Don't Go,https://en.wikipedia.org/wiki/Baby_Don%27t_Go
Sonny and Cher,The Beat Goes On,https://en.wikipedia.org/wiki/The_Beat_Goes_On_(Sonny_%26_Cher_song)
Gary Lewis and The Playboys,This Diamond Ring,https://en.wikipedia.org/wiki/This_Diamond_Ring
Gary Lewis and The Playboys,Save Your Heart for Me,https://en.wikipedia.org/wiki/Save_Your_Heart_for_Me
Gary Lewis and The Playboys,Count Me In,https://en.wikipedia.org/wiki/Gary_Lewis_%26_the_Playboys
Gary Lewis and The Playboys,She's Just My Style,https://en.wikipedia.org/wiki/She%27s_Just_My_Style
Gary Lewis and The Playboys,Sealed With A Kiss,https://en.wikipedia.org/wiki/Sealed_with_a_Kiss
Ramsey Lewis Trio,The 'In' Crowd,https://en.wikipedia.org/wiki/The_IT_Crowd
The Seekers,I'll Never Find Another You,https://en.wikipedia.org/wiki/I%27ll_Never_Find_Another_You
The Seekers,Georgy Girl,https://en.wikipedia.org/wiki/Georgy_Girl_(song)
The Byrds,Mr. Tambourine Man,https://en.wikipedia.org/wiki/Mr._Tambourine_Man
Sounds Orchestral,Cast Your Fate to the Wind,https://en.wikipedia.org/wiki/Cast_Your_Fate_to_the_Wind
Barbara Mason,"Yes, I'm Ready","https://en.wikipedia.org/wiki/Yes,_I%27m_Ready"
Tom Jones,What's New Pussycat?,https://en.wikipedia.org/wiki/What%27s_New_Pussycat%3F_(song)
Tom Jones,It's Not Unusual,https://en.wikipedia.org/wiki/It%27s_Not_Unusual
Tom Jones,"Green, Green Grass Of Home","https://en.wikipedia.org/wiki/Green,_Green_Grass_of_Home"
Tom Jones,Delilah,https://en.wikipedia.org/wiki/Delilah_(Tom_Jones_song)
Tom Jones,I'll Never Fall In Love Again,https://en.wikipedia.org/wiki/I%27ll_Never_Fall_in_Love_Again_(Lonnie_Donegan_song)
Tom Jones,Love Me Tonight,https://en.wikipedia.org/wiki/Love_Me_Tonight
Barry McGuire,Eve of Destruction,https://en.wikipedia.org/wiki/Eve_of_Destruction_(song)
The McCoys,Hang On Sloopy,https://en.wikipedia.org/wiki/Hang_On_Sloopy
James Brown,Papa's Got a Brand New Bag,https://en.wikipedia.org/wiki/Papa%27s_Got_a_Brand_New_Bag
James Brown,Mother Popcorn (Part I),https://en.wikipedia.org/wiki/Mother_Popcorn
Wayne Fontana and The Mindbenders,Game of Love,https://en.wikipedia.org/wiki/The_Game_of_Love_(Wayne_Fontana_song)
Shirley Ellis,The Name Game,https://en.wikipedia.org/wiki/The_Name_Game
Patti Page,"Hush, Hush, Sweet Charlotte","https://en.wikipedia.org/wiki/Hush%E2%80%A6_Hush,_Sweet_Charlotte"
Bob Dylan,Like a Rolling Stone,https://en.wikipedia.org/wiki/Like_a_Rolling_Stone
Bob Dylan,Rainy Day Women #12 And 35,https://en.wikipedia.org/wiki/Rainy_Day_Women_%E2%99%AF12_%26_35
Bob Dylan,Lay Lady Lay,https://en.wikipedia.org/wiki/Lay_Lady_Lay
Freddie and the Dreamers,I'm Telling You Now,https://en.wikipedia.org/wiki/I%27m_Telling_You_Now
Horst Jankowski,A Walk in the Black Forest,
The Yardbirds,For Your Love,https://en.wikipedia.org/wiki/For_Your_Love
The Yardbirds,Heart Full of Soul,https://en.wikipedia.org/wiki/Heart_Full_of_Soul
The Yardbirds,Shapes Of Things,https://en.wikipedia.org/wiki/Shapes_of_Things
The Moody Blues,Go Now,https://en.wikipedia.org/wiki/Go_Now
Shirley Bassey,Goldfinger,https://en.wikipedia.org/wiki/Goldfinger_(Shirley_Bassey_song)
Billy Joe Royal,Down in the Boondocks,https://en.wikipedia.org/wiki/Down_in_the_Boondocks_(song)
Glenn Yarbrough,Baby the Rain Must Fall,https://en.wikipedia.org/wiki/Baby_the_Rain_Must_Fall
The Beau Brummels,Just a Little,https://en.wikipedia.org/wiki/Just_a_Little_(The_Beau_Brummels_song)
The Beau Brummels,"Laugh, Laugh","https://en.wikipedia.org/wiki/Laugh,_Laugh"
Ian Whitcomb,You Turn Me On,https://en.wikipedia.org/wiki/You_Turn_Me_On
Jackie DeShannon,What the World Needs Now Is Love,https://en.wikipedia.org/wiki/What_the_World_Needs_Now_Is_Love
Jackie DeShannon,Put A Little Love In Your Heart,https://en.wikipedia.org/wiki/Put_a_Little_Love_in_Your_Heart
Sir Douglas Quintet,She's About a Mover,https://en.wikipedia.org/wiki/She%27s_About_a_Mover
The Turtles,It Ain't Me Babe,https://en.wikipedia.org/wiki/It_Ain%27t_Me_Babe
The Turtles,Happy Together,https://en.wikipedia.org/wiki/Happy_Together_(The_Turtles_album)
The Turtles,She'd Rather Be With Me,https://en.wikipedia.org/wiki/She%27d_Rather_Be_with_Me
The Turtles,Elenore,https://en.wikipedia.org/wiki/Elenore
The Turtles,You Showed Me,https://en.wikipedia.org/wiki/You_Showed_Me
The Zombies,Tell Her No,https://en.wikipedia.org/wiki/Tell_Her_No
Vic Dana,Red Roses for a Blue Lady,https://en.wikipedia.org/wiki/Red_Roses_for_a_Blue_Lady
Patty Duke,Don't Just Stand There,https://en.wikipedia.org/wiki/Don%27t_Just_Stand_There
The Fortunes,You've Got Your Troubles,https://en.wikipedia.org/wiki/You%27ve_Got_Your_Troubles
Joe Tex,Hold What You've Got,https://en.wikipedia.org/wiki/Hold_What_You%27ve_Got
The Lovin' Spoonful,Do You Believe in Magic,https://en.wikipedia.org/wiki/Do_You_Believe_in_Magic_(song)
The Lovin' Spoonful,Summer In The City,https://en.wikipedia.org/wiki/Summer_in_the_City
The Lovin' Spoonful,Daydream,https://en.wikipedia.org/wiki/Daydream_(The_Lovin%27_Spoonful_song)
The Lovin' Spoonful,Did You Ever Have to Make Up Your Mind?,https://en.wikipedia.org/wiki/Did_You_Ever_Have_to_Make_Up_Your_Mind%3F
Cher,All I Really Want to Do,https://en.wikipedia.org/wiki/All_I_Really_Want_to_Do
Cher,Bang Bang (My Baby Shot Me Down),https://en.wikipedia.org/wiki/Bang_Bang_(My_Baby_Shot_Me_Down)
Little Anthony and the Imperials,Take Me Back,https://en.wikipedia.org/wiki/Take_Me_Back_(Imperials_song)
The Strangeloves,I Want Candy,https://en.wikipedia.org/wiki/I_Want_Candy
Sonny,Laugh at Me,https://en.wikipedia.org/wiki/Laugh_at_Me
Roy Head,Treat Her Right,https://en.wikipedia.org/wiki/Treat_Her_Right_(Roy_Head_song)
Jack Jones,The Race Is On,https://en.wikipedia.org/wiki/The_Race_Is_On
"Dino, Desi and Billy",I'm a Fool,https://en.wikipedia.org/wiki/I%27m_a_Fool
The Ad Libs,The Boy from New York City,https://en.wikipedia.org/wiki/The_Boy_from_New_York_City
SSgt Barry Sadler,Ballad of the Green Berets,https://en.wikipedia.org/wiki/Ballad_of_the_Green_Berets
The Association,Cherish,https://en.wikipedia.org/wiki/Cherish_(The_Association_song)
The Association,Windy,https://en.wikipedia.org/wiki/Windy
The Association,Never My Love,https://en.wikipedia.org/wiki/Never_My_Love
? and the Mysterians,96 Tears,https://en.wikipedia.org/wiki/96_Tears
The Monkees,Last Train to Clarksville,https://en.wikipedia.org/wiki/Last_Train_to_Clarksville
The Monkees,I'm A Believer,https://en.wikipedia.org/wiki/I%27m_a_Believer
The Monkees,"A Little Bit You, A Little Bit Me","https://en.wikipedia.org/wiki/A_Little_Bit_Me,_a_Little_Bit_You"
The Monkees,Pleasant Valley Sunday,https://en.wikipedia.org/wiki/Pleasant_Valley_Sunday
The Monkees,Daydream Believer,https://en.wikipedia.org/wiki/Daydream_Believer
The Mamas and The Papas,"Monday, Monday","https://en.wikipedia.org/wiki/Monday,_Monday"
The Mamas and The Papas,California Dreamin',https://en.wikipedia.org/wiki/California_Dreamin%27
The Mamas and The Papas,Dedicated To The One I Love,https://en.wikipedia.org/wiki/Dedicated_to_the_One_I_Love
Roger Williams,Born Free,https://en.wikipedia.org/wiki/Born_Free
Nancy Sinatra,These Boots Are Made for Walkin',https://en.wikipedia.org/wiki/These_Boots_Are_Made_for_Walkin%27
Jimmy Ruffin,What Becomes of the Brokenhearted,https://en.wikipedia.org/wiki/What_Becomes_of_the_Brokenhearted
Frank Sinatra,Strangers in the Night,https://en.wikipedia.org/wiki/Strangers_in_the_Night
The Young Rascals,Good Lovin',https://en.wikipedia.org/wiki/Good_Lovin%27
The Young Rascals,Groovin',https://en.wikipedia.org/wiki/Groovin%27
The Young Rascals,I've Been Lonely Too Long,
The Young Rascals,How Can I Be Sure,https://en.wikipedia.org/wiki/How_Can_I_Be_Sure
The New Vaudeville Band,Winchester Cathedral,https://en.wikipedia.org/wiki/Winchester_Cathedral
Tommy James and The Shondells,Hanky Panky,https://en.wikipedia.org/wiki/Hanky_Panky_(Tommy_James_and_the_Shondells_song)
Tommy James and The Shondells,I Think We're Alone Now,https://en.wikipedia.org/wiki/I_Think_We%27re_Alone_Now
Tommy James and The Shondells,Mirage,https://en.wikipedia.org/wiki/Mirage
Tommy James and The Shondells,"Mony, Mony",https://en.wikipedia.org/wiki/Mony_Mony
Tommy James and The Shondells,Crimson And Clover,https://en.wikipedia.org/wiki/Crimson_and_Clover
Tommy James and The Shondells,Crystal Blue Persuasion,https://en.wikipedia.org/wiki/Crystal_Blue_Persuasion
Percy Sledge,When a Man Loves a Woman,https://en.wikipedia.org/wiki/When_a_Man_Loves_a_Woman_(film)
Percy Sledge,Take Time To Know Her,https://en.wikipedia.org/wiki/Take_Time_to_Know_Her
The Troggs,Wild Thing,https://en.wikipedia.org/wiki/Wild_Thing_(The_Troggs_song)
Paul Revere and The Raiders,Kicks,https://en.wikipedia.org/wiki/Kick
Paul Revere and The Raiders,Just Like Me,https://en.wikipedia.org/wiki/Just_Like_Me
Paul Revere and The Raiders,Hungry,https://en.wikipedia.org/wiki/Hungary
Paul Revere and The Raiders,"Mr. Sun, Mr. Moon",https://en.wikipedia.org/wiki/Mr._Men
Paul Revere and The Raiders,Let Me,https://en.wikipedia.org/wiki/Let_Me
Donovan,Sunshine Superman,https://en.wikipedia.org/wiki/Sunshine_Superman
Donovan,Hurdy Gurdy Man,https://en.wikipedia.org/wiki/Hurdy_Gurdy_Man
Donovan,Atlantis,https://en.wikipedia.org/wiki/Atlantis
Bobby Hebb,Sunny,https://en.wikipedia.org/wiki/Bobby_Hebb
The Happenings,See You In September,https://en.wikipedia.org/wiki/See_You_in_September
The Happenings,I Got Rhythm,https://en.wikipedia.org/wiki/I_Got_Rhythm
Mitch Ryder and the Detroit Wheels,Devil with a Blue Dress On/Good Golly Miss Molly,"https://en.wikipedia.org/wiki/Good_Golly,_Miss_Molly"
The Mindbenders,A Groovy Kind of Love,https://en.wikipedia.org/wiki/A_Groovy_Kind_of_Love
The Capitols,Cool Jerk,https://en.wikipedia.org/wiki/Cool_Jerk
Sandy Posey,Born a Woman,https://en.wikipedia.org/wiki/Sandy_Posey
Sandy Posey,I Take It Back,https://en.wikipedia.org/wiki/Take_Back_the_Night
The Cyrkle,Red Rubber Ball,https://en.wikipedia.org/wiki/Red_Rubber_Ball
The Left Banke,Walk Away Renee,https://en.wikipedia.org/wiki/Walk_Away_Ren%C3%A9e
The Outsiders,Time Won't Let Me,https://en.wikipedia.org/wiki/Time_Won%27t_Let_Me
The Hollies,Bus Stop,https://en.wikipedia.org/wiki/Bus_stop
The Hollies,On A Carousel,https://en.wikipedia.org/wiki/On_a_Carousel
The Hollies,Carrie Ann,https://en.wikipedia.org/wiki/Carrie_Anne
James and Bobby Purify,I'm Your Puppet,https://en.wikipedia.org/wiki/I%27m_Your_Puppet
B. J. Thomas,I'm So Lonesome I Could Cry,https://en.wikipedia.org/wiki/I%27m_So_Lonesome_I_Could_Cry
B. J. Thomas,Hooked On A Feeling,https://en.wikipedia.org/wiki/Hooked_on_a_Feeling
The Standells,Dirty Water,https://en.wikipedia.org/wiki/Dirty_Water
Bob Lind,Elusive Butterfly,https://en.wikipedia.org/wiki/Elusive_Butterfly
Simon and Garfunkel,I Am a Rock,https://en.wikipedia.org/wiki/I_Am_a_Rock
Simon and Garfunkel,The Sound of Silence,https://en.wikipedia.org/wiki/The_Sound_of_Silence
Simon and Garfunkel,Homeward Bound,https://en.wikipedia.org/wiki/Homeward_Bound_(song)
Simon and Garfunkel,Mrs. Robinson,https://en.wikipedia.org/wiki/Mrs._Robinson
Simon and Garfunkel,Scarborough Fair / Canticle,
Robert Parker,Barefootin',https://en.wikipedia.org/wiki/Barefootin%27_(song)
Count Five,Psychotic Reaction,https://en.wikipedia.org/wiki/Psychotic_Reaction
The T-Bones,No Matter What Shape (Your Stomach Is In),https://en.wikipedia.org/wiki/No_Matter_What_Shape_(Your_Stomach%27s_In)
Deon Jackson,Love Makes The World Go Round,
Crispian St. Peters,The Pied Piper,https://en.wikipedia.org/wiki/The_Pied_Piper_(song)
Ray Conniff Singers,Somewhere My Love,
David Houston,Almost Persuaded,https://en.wikipedia.org/wiki/Almost_Persuaded
Marvelettes,Don't Mess With Bill,https://en.wikipedia.org/wiki/Don%27t_Mess_with_Bill
Neil Diamond,"Cherry, Cherry","https://en.wikipedia.org/wiki/Cherry,_Cherry"
Neil Diamond,"Girl, You'll Be A Woman Soon","https://en.wikipedia.org/wiki/Girl,_You%27ll_Be_a_Woman_Soon"
Neil Diamond,Thank The Lord For The Night Time,https://en.wikipedia.org/wiki/Just_for_You_(Neil_Diamond_album)
Neil Diamond,Sweet Caroline,https://en.wikipedia.org/wiki/Sweet_Caroline
Lou Rawls,Love Is A Hurtin' Thing,https://en.wikipedia.org/wiki/Love_Is_a_Hurtin%27_Thing
Lou Rawls,Your Good Thing (Is About To End),https://en.wikipedia.org/wiki/Your_Good_Thing_(Is_About_to_End)
The Shadows Of Knight,Gloria,https://en.wikipedia.org/wiki/Gloria_(Shadows_of_Knight_album)
The Sandpipers,Guantanamera,https://en.wikipedia.org/wiki/Guantanamera
Wilson Pickett,"Land Of 1,000 Dances",https://en.wikipedia.org/wiki/Land_of_a_Thousand_Dances
Wilson Pickett,634-5789,"https://en.wikipedia.org/wiki/634-5789_(Soulsville,_U.S.A.)"
Wilson Pickett,Funky Broadway,https://en.wikipedia.org/wiki/Funky_Broadway
Shades Of Blue,Oh How Happy,https://en.wikipedia.org/wiki/Oh_How_Happy
Turtles,You Baby,https://en.wikipedia.org/wiki/You_Baby
The Vogues,Five O'clock World,https://en.wikipedia.org/wiki/Five_O%27Clock_World
The Vogues,"Turn Around, Look At Me","https://en.wikipedia.org/wiki/Turn_Around,_Look_at_Me"
Los Bravos,Black Is Black,https://en.wikipedia.org/wiki/Black_Is_Black
Slim Harpo,Baby Scratch My Back,https://en.wikipedia.org/wiki/Baby_Scratch_My_Back
Bobby Fuller Four,I Fought The Law,https://en.wikipedia.org/wiki/I_Fought_the_Law
Herb Alpert and The Tijuana Brass,Zorba The Greek,https://en.wikipedia.org/wiki/Zorba_the_Greek
Lulu,To Sir With Love,"https://en.wikipedia.org/wiki/To_Sir,_with_Love"
The Box Tops,The Letter,https://en.wikipedia.org/wiki/The_Letter_(The_Box_Tops_song)
The Box Tops,Cry Like A Baby,https://en.wikipedia.org/wiki/Cry_Like_a_Baby
The Box Tops,Soul Deep,
The Box Tops,Sweet Cream Ladies,
Bobby Gentry,Ode To Billie Joe,https://en.wikipedia.org/wiki/Ode_to_Billie_Joe
The Doors,Light My Fire,https://en.wikipedia.org/wiki/Light_My_Fire
The Doors,"Hello, I Love You","https://en.wikipedia.org/wiki/Hello,_I_Love_You"
The Doors,Touch Me,https://en.wikipedia.org/wiki/Touch_Me_(The_Doors_song)
Frank and Nancy Sinatra,Somethin' Stupid,https://en.wikipedia.org/wiki/Somethin%27_Stupid
Frankie Valli,Can't Take My Eyes Off You,https://en.wikipedia.org/wiki/Can%27t_Take_My_Eyes_Off_You
The Music Explosion,Little Bit O' Soul,https://en.wikipedia.org/wiki/Little_Bit_O%27_Soul
Aretha Franklin,Respect,https://en.wikipedia.org/wiki/Respect_(song)
Aretha Franklin,Baby I Love You,"https://en.wikipedia.org/wiki/Baby,_I_Love_You"
Aretha Franklin,I Never Loved A Man (The Way I Love You),https://en.wikipedia.org/wiki/I_Never_Loved_a_Man_the_Way_I_Love_You
Aretha Franklin,(Sweet Sweet Baby) Since You've Been Gone,https://en.wikipedia.org/wiki/(Sweet_Sweet_Baby)_Since_You%27ve_Been_Gone
Aretha Franklin,I Say A Little Prayer,https://en.wikipedia.org/wiki/I_Say_a_Little_Prayer
Aretha Franklin,Think,https://en.wikipedia.org/wiki/Think_(Aretha_Franklin_song)
Bobby Vee and The Strangers,Come Back When You Grow Up,https://en.wikipedia.org/wiki/Come_Back_When_You_Grow_Up
The Buckinghams,Kind Of A Drag,https://en.wikipedia.org/wiki/Kind_of_a_Drag
The Buckinghams,Don't You Care,https://en.wikipedia.org/wiki/Don%27t_You_Care
The Buckinghams,"Mercy, Mercy, Mercy","https://en.wikipedia.org/wiki/Mercy,_Mercy,_Mercy"
Arthur Conley,Sweet Soul Music,https://en.wikipedia.org/wiki/Sweet_Soul_Music
The Soul Survivors,Expressway To Your Heart,https://en.wikipedia.org/wiki/Expressway_to_Your_Heart
Sam and Dave,Soul Man,https://en.wikipedia.org/wiki/Soul_Man_(song)
Sam and Dave,I Thank You,https://en.wikipedia.org/wiki/I_Thank_You_(Sam_%26_Dave_song)
Jay and The Techniques,"Apples, Peaches, Pumpkin Pie","https://en.wikipedia.org/wiki/Apples,_Peaches,_Pumpkin_Pie"
Every Mothers' Son,Come On Down To My Boat,https://en.wikipedia.org/wiki/Come_On_Down_to_My_Boat
Strawberry Alarm Clock,Incense And Peppermints,https://en.wikipedia.org/wiki/Incense_and_Peppermints
Vicki Carr,It Must Be Him,https://en.wikipedia.org/wiki/It_Must_Be_Him_(song)
Brenton Wood,Gimme Little Sign,https://en.wikipedia.org/wiki/Gimme_Little_Sign
Buffalo Springfield,For What It's Worth,https://en.wikipedia.org/wiki/For_What_It%27s_Worth
Engelbert Humperdinck,Release Me,https://en.wikipedia.org/wiki/Release_Me_(1949_song)
Marvin Gaye and Tammi Terrell,Your Precious Love,https://en.wikipedia.org/wiki/Your_Precious_Love
Marvin Gaye and Tammi Terrell,Ain't No Mountain High Enough,https://en.wikipedia.org/wiki/Ain%27t_No_Mountain_High_Enough
Marvin Gaye and Tammi Terrell,Ain't Nothing Like The Real Thing,https://en.wikipedia.org/wiki/Ain%27t_Nothing_Like_the_Real_Thing
Marvin Gaye and Tammi Terrell,You're All I Need To Get By,https://en.wikipedia.org/wiki/You%27re_All_I_Need_to_Get_By
Jefferson Airplane,Somebody To Love,https://en.wikipedia.org/wiki/Somebody_to_Love_(Jefferson_Airplane_song)
Jefferson Airplane,White Rabbit,https://en.wikipedia.org/wiki/White_Rabbit_(song)
The Esquires,Get On Up,https://en.wikipedia.org/wiki/Get_on_Up_(The_Esquires_song)
Van Morrison,Brown Eyed Girl,https://en.wikipedia.org/wiki/Brown_Eyed_Girl
Procol Harum,A Whiter Shade Of Pale,https://en.wikipedia.org/wiki/A_Whiter_Shade_of_Pale
The Casinos,Then You Can Tell Me Goodbye,https://en.wikipedia.org/wiki/Then_You_Can_Tell_Me_Goodbye
The Tremeloes,Silence Is Golden,https://en.wikipedia.org/wiki/Silence_Is_Golden_(song)
The Tremeloes,Here Comes My Baby,https://en.wikipedia.org/wiki/Here_Comes_My_Baby_(Cat_Stevens_song)
Ed Ames,My Cup Runneth Over,https://en.wikipedia.org/wiki/My_Cup_Runneth_Over
The 5th Dimension,"Up, Up And Away","https://en.wikipedia.org/wiki/Up,_Up_and_Away_(The_5th_Dimension_album)"
The 5th Dimension,Stoned Soul Picnic,https://en.wikipedia.org/wiki/Stoned_Soul_Picnic_(song)
The 5th Dimension,Aquarius / Let The Sunshine In,https://en.wikipedia.org/wiki/Aquarius/Let_the_Sunshine_In
The 5th Dimension,Wedding Bell Blues,https://en.wikipedia.org/wiki/Wedding_Bell_Blues
Scott Mckenzie,San Francisco (Be Sure to Wear Flowers in Your Hair),https://en.wikipedia.org/wiki/San_Francisco_(Be_Sure_to_Wear_Flowers_in_Your_Hair)
The Cowsills,"The Rain, The Park And Other Things","https://en.wikipedia.org/wiki/The_Rain,_the_Park_%26_Other_Things"
The Cowsills,Indian Lake,https://en.wikipedia.org/wiki/Indian_Lake_(song)
The Cowsills,Hair,https://en.wikipedia.org/wiki/Hair_(Hair_song)
Five Americans,Western Union,https://en.wikipedia.org/wiki/Western_Union
Blue Magoos,(We Ain't Got) Nothin' Yet,https://en.wikipedia.org/wiki/(We_Ain%27t_Got)_Nothin%27_Yet
The Easybeats,Friday On My Mind,https://en.wikipedia.org/wiki/Friday_on_My_Mind
The Bar-Kays,Soul Finger,https://en.wikipedia.org/wiki/Soul_Finger
The Spencer Davis Group,Gimme Some Lovin',https://en.wikipedia.org/wiki/Gimme_Some_Lovin%27
The Hombres,Let It Out (Let It All Hang Out),https://en.wikipedia.org/wiki/Let_It_Out_(Let_It_All_Hang_Out)
The Grass Roots,Let's Live For Today,https://en.wikipedia.org/wiki/Let%27s_Live_for_Today_(song)
The Grass Roots,Midnight Confessions,https://en.wikipedia.org/wiki/Midnight_Confessions
The Grass Roots,I'd Wait A Million Years,https://en.wikipedia.org/wiki/I%27d_Wait_a_Million_Years
Peaches and Herb,Close Your Eyes,
Aaron Neville,Tell It Like It Is,https://en.wikipedia.org/wiki/Aaron_Neville
James Brown and The Famous Flames,Cold Sweat,https://en.wikipedia.org/wiki/The_Famous_Flames
James Brown and The Famous Flames,I Got The Feelin',https://en.wikipedia.org/wiki/I_Got_the_Feelin%27
James Brown and The Famous Flames,Say It Loud I'm Black And I'm Proud,https://en.wikipedia.org/wiki/Say_It_Loud_%E2%80%93_I%27m_Black_and_I%27m_Proud
Keith,98.6,https://en.wikipedia.org/wiki/98.6_(song)
The Royal Guardsmen,Snoopy Vs. The Red Baron,https://en.wikipedia.org/wiki/Snoopy_vs._the_Red_Baron_(song)
Janis Ian,Society's Child,https://en.wikipedia.org/wiki/Society%27s_Child
Robert Knight,Everlasting Love,https://en.wikipedia.org/wiki/Everlasting_Love
Bill Cosby,Little Ole Man (Uptight-Everything's Alright),https://en.wikipedia.org/wiki/Uptight_(Everything%27s_Alright)
The Electric Prunes,I Had Too Much To Dream Last Night,https://en.wikipedia.org/wiki/I_Had_Too_Much_to_Dream_(Last_Night)
The Who,I Can See For Miles,https://en.wikipedia.org/wiki/I_Can_See_for_Miles
Paul Mauriat,Love Is Blue,
Otis Redding,(Sittin' On) The Dock Of The Bay,https://en.wikipedia.org/wiki/(Sittin%27_On)_The_Dock_of_the_Bay
The Rascals,People Got To Be Free,https://en.wikipedia.org/wiki/People_Got_to_Be_Free
The Rascals,A Beautiful Morning,https://en.wikipedia.org/wiki/A_Beautiful_Morning
Cream,Sunshine Of Your Love,https://en.wikipedia.org/wiki/Sunshine_of_Your_Love
Cream,White Room,https://en.wikipedia.org/wiki/White_Room
Herb Alpert,This Guy's In Love With You,https://en.wikipedia.org/wiki/This_Guy%27s_in_Love_with_You
Hugo Montenegro,"The Good, The Bad And The Ugly","https://en.wikipedia.org/wiki/The_Good,_the_Bad_and_the_Ugly"
Archie Bell and The Drells,Tighten Up,https://en.wikipedia.org/wiki/Tighten_Up_(Archie_Bell_%26_the_Drells_song)
Jeannie C. Riley,Harper Valley P.T.A.,https://en.wikipedia.org/wiki/Harper_Valley_PTA
O.C. Smith,Little Green Apples,https://en.wikipedia.org/wiki/Little_Green_Apples
Gary Puckett and The Union Gap,Young Girl,https://en.wikipedia.org/wiki/Young_Girl_(song)
Gary Puckett and The Union Gap,Lady Willpower,https://en.wikipedia.org/wiki/Lady_Willpower
Gary Puckett and The Union Gap,Over You,https://en.wikipedia.org/wiki/Over_You_(Gary_Puckett_%26_The_Union_Gap_song)
Gary Puckett and The Union Gap,"Woman, Woman","https://en.wikipedia.org/wiki/Woman,_Woman"
Gary Puckett and The Union Gap,This Girl Is A Woman Now,https://en.wikipedia.org/wiki/This_Girl_Is_a_Woman_Now
Hugh Masekela,Grazing In The Grass,https://en.wikipedia.org/wiki/Grazing_in_the_Grass
Sly and The Family Stone,Dance To The Music,https://en.wikipedia.org/wiki/Dance_to_the_Music_(Sly_and_the_Family_Stone_album)
Sly and The Family Stone,Everyday People,https://en.wikipedia.org/wiki/Everyday_People
Sly and The Family Stone,Hot Fun In The Summertime,https://en.wikipedia.org/wiki/Hot_Fun_in_the_Summertime
Cliff Nobles,The Horse,https://en.wikipedia.org/wiki/The_Horse
The Delfonics,La-La Means I Love You,https://en.wikipedia.org/wiki/La-La_(Means_I_Love_You)
John Fred and His Playboy Band,Judy In Disguise (With Glasses),https://en.wikipedia.org/wiki/Judy_in_Disguise_(With_Glasses)
Classics IV,Spooky,https://en.wikipedia.org/wiki/Spooky_(Classics_IV_song)
Classics IV,Traces,https://en.wikipedia.org/wiki/Traces_(song)
Merrilee Rush,Angel Of The Morning,https://en.wikipedia.org/wiki/Angel_of_the_Morning
Georgie Fame,The Ballad Of Bonnie And Clyde,https://en.wikipedia.org/wiki/The_Ballad_of_Bonnie_and_Clyde
Mary Hopkin,Those Were The Days,https://en.wikipedia.org/wiki/Those_Were_the_Days_(song)
Steppenwolf,Born To Be Wild,https://en.wikipedia.org/wiki/Born_to_Be_Wild
Steppenwolf,Magic Carpet Ride,https://en.wikipedia.org/wiki/Magic_Carpet_Ride_(Steppenwolf_song)
The Intruders,Cowboys To Girls,https://en.wikipedia.org/wiki/Cowboys_to_Girls
1910 Fruitgum Company,Simon Says,https://en.wikipedia.org/wiki/Simon_Says
1910 Fruitgum Company,"1, 2, 3, Red Light","https://en.wikipedia.org/wiki/1,_2,_3,_Red_Light"
1910 Fruitgum Company,Indian Giver,https://en.wikipedia.org/wiki/Indian_giver
Sergio Mendes and Brasil '66,The Look Of Love,https://en.wikipedia.org/wiki/The_Look_of_Love_(1967_song)
Sergio Mendes and Brasil '66,The Fool On The Hill,https://en.wikipedia.org/wiki/The_Fool_on_the_Hill
Johnny Nash,Hold Me Tight,https://en.wikipedia.org/wiki/Hold_Me_Tight
Ohio Express,"Yummy, Yummy, Yummy",https://en.wikipedia.org/wiki/Yummy_Yummy_Yummy
The Crazy World Of Arthur Brown,Fire,https://en.wikipedia.org/wiki/Fire
Troggs,Love Is All Around,https://en.wikipedia.org/wiki/Love_Is_All_Around
Gene and Debbe,Playboy,https://en.wikipedia.org/wiki/Playboy
Mason Williams,Classical Gas,https://en.wikipedia.org/wiki/Classical_Gas
Clarence Carter,Slip Away,
The O'Kaysions,Girl Watcher,https://en.wikipedia.org/wiki/Girl_Watcher
The Lemon Pipers,Green Tambourine,https://en.wikipedia.org/wiki/Green_Tambourine
Friend and Lover,Reach Out Of The Darkness,https://en.wikipedia.org/wiki/Reach_Out_of_the_Darkness
Richard Harris,MacArthur Park,https://en.wikipedia.org/wiki/MacArthur_Park
Jose Feliciano,Light My Fire,https://en.wikipedia.org/wiki/Light_My_Fire
Status Quo,Pictures Of Matchstick Men,https://en.wikipedia.org/wiki/Pictures_of_Matchstick_Men
Blue Cheer,Summertime Blues,https://en.wikipedia.org/wiki/Summertime_Blues
The Bee Gees,I've Gotta Get A Message To You,https://en.wikipedia.org/wiki/I%27ve_Gotta_Get_a_Message_to_You
The Fireballs,Bottle Of Wine,https://en.wikipedia.org/wiki/Wine_bottle
The Dells,Stay In My Corner,https://en.wikipedia.org/wiki/Stay_in_My_Corner
The Dells,"Oh, What A Night","https://en.wikipedia.org/wiki/Oh,_What_a_Night_(The_Dells_song)"
Willie Mitchell,Soul Serenade,https://en.wikipedia.org/wiki/Soul_Serenade
The Human Beinz,Nobody But Me,https://en.wikipedia.org/wiki/Nobody_but_Me_(Human_Beinz_album)
Tommy Boyce and Bobby Hart,I Wonder What She's Doing Tonight,https://en.wikipedia.org/wiki/I_Wonder_What_She%27s_Doing_Tonight
The Irish Rovers,The Unicorn,https://en.wikipedia.org/wiki/The_Unicorn
Vanilla Fudge,(You Keep Me) Hangin' On,https://en.wikipedia.org/wiki/You_Keep_Me_Hangin%27_On
The Foundations,"Baby, Now That I've Found You",https://en.wikipedia.org/wiki/Baby_Now_That_I%27ve_Found_You
The Foundations,Build Me Up Buttercup,https://en.wikipedia.org/wiki/Build_Me_Up_Buttercup
The Sweet Inspirations,Sweet Inspiration,https://en.wikipedia.org/wiki/The_Sweet_Inspirations
Smokey Robinson and The Miracles,If You Can Want,https://en.wikipedia.org/wiki/If_You_Can_Want
Smokey Robinson and The Miracles,"Baby, Baby Don't Cry","https://en.wikipedia.org/wiki/Baby,_Baby_Don%27t_Cry"
The Mills Brothers,Cab Driver,
The Chambers Brothers,Time Has Come Today,https://en.wikipedia.org/wiki/Time_Has_Come_Today
Shorty Long,Here Comes The Judge,https://en.wikipedia.org/wiki/Here_Comes_the_Judge_(Shorty_Long_song)
Big Brother and The Holding Company,Piece Of My Heart,https://en.wikipedia.org/wiki/Piece_of_My_Heart
Creedence Clearwater Revival,Suzie Q.,https://en.wikipedia.org/wiki/Susie_Q_(song)
Creedence Clearwater Revival,Proud Mary,https://en.wikipedia.org/wiki/Proud_Mary
Creedence Clearwater Revival,Bad Moon Rising,https://en.wikipedia.org/wiki/Bad_Moon_Rising_(song)
Creedence Clearwater Revival,Green River,https://en.wikipedia.org/wiki/Green_River_(song)
The American Breed,"Bend Me, Shape Me","https://en.wikipedia.org/wiki/Bend_Me,_Shape_Me"
Jerry Butler,"Hey, Western Union Man","https://en.wikipedia.org/wiki/Hey,_Western_Union_Man"
Jerry Butler,Never Give You Up,https://en.wikipedia.org/wiki/Never_Gonna_Give_You_Up
Jerry Butler,Only The Strong Survive,https://en.wikipedia.org/wiki/Only_the_Strong_Survive_(song)
The Archies,"Sugar, Sugar","https://en.wikipedia.org/wiki/Sugar,_Sugar"
Three Dog Night,One,https://en.wikipedia.org/wiki/One_(Harry_Nilsson_song)
Three Dog Night,Easy To Be Hard,https://en.wikipedia.org/wiki/Easy_to_Be_Hard
Henry Mancini and His Orch.,Love Theme From Romeo And Juliet,https://en.wikipedia.org/wiki/Love_Theme_from_Romeo_and_Juliet
The Youngbloods,Get Together,https://en.wikipedia.org/wiki/Get_Together_(The_Youngbloods_song)
The Friends Of Distinction,Grazin' In The Grass,https://en.wikipedia.org/wiki/Grazing_in_the_Grass
The Friends Of Distinction,Going In Circles,https://en.wikipedia.org/wiki/Going_in_Circles
Jr. Walker and The All Stars,What Does It Take (To Win Your Love),https://en.wikipedia.org/wiki/What_Does_It_Take_(To_Win_Your_Love)
Oliver,Jean,https://en.wikipedia.org/wiki/Jean_(song)
Oliver,Good Morning Starshine,https://en.wikipedia.org/wiki/Good_Morning_Starshine
The Beatles with Billy Preston,Get Back,https://en.wikipedia.org/wiki/Get_Back
Zager and Evans,In The Year 2525,https://en.wikipedia.org/wiki/In_the_Year_2525
"Blood, Sweat and Tears",Spinning Wheel,https://en.wikipedia.org/wiki/Spinning_wheel
"Blood, Sweat and Tears",You've Made Me So Very Happy,https://en.wikipedia.org/wiki/You%27ve_Made_Me_So_Very_Happy
Smith,Baby It's You,https://en.wikipedia.org/wiki/Baby_It%27s_You
Zombies,Time Of The Season,https://en.wikipedia.org/wiki/Time_of_the_Season
Bobby Sherman,Little Woman,https://en.wikipedia.org/wiki/Little_Woman
Mercy,Love (Can Make You Happy),https://en.wikipedia.org/wiki/Love_(Can_Make_You_Happy)
The Guess Who,These Eyes,https://en.wikipedia.org/wiki/These_Eyes
The Guess Who,Laughing,https://en.wikipedia.org/wiki/Laughing_(The_Guess_Who_song)
Watts 103rd Street Rhythm Band,Do Your Thing,https://en.wikipedia.org/wiki/Do_Your_Thing_(Charles_Wright_%26_the_Watts_103rd_Street_Rhythm_Band_song)
Spiral Starecase,More Today Than Yesterday,https://en.wikipedia.org/wiki/More_Today_Than_Yesterday
Cass Elliot,It's Getting Better,https://en.wikipedia.org/wiki/Getting_Better
Glen Campbell,Galveston,https://en.wikipedia.org/wiki/Galveston_(song)
Tyrone Davis,Can I Change My Mind,https://en.wikipedia.org/wiki/Can_I_Change_My_Mind
The Winstons,Color Him Father,https://en.wikipedia.org/wiki/Color_Him_Father
"Sonny Charles and The Checkmates, Ltd.",Black Pearl,https://en.wikipedia.org/wiki/Black_Pearl
Edwin Starr,Twenty-five Miles,https://en.wikipedia.org/wiki/Twenty-Five_Miles
New Colony Six,Things I'd Like To Say,https://en.wikipedia.org/wiki/Things_I%27d_Like_to_Say
Motherlode,When I Die,https://en.wikipedia.org/wiki/And_When_I_Die
Harry Nilsson,Everybody's Talkin',https://en.wikipedia.org/wiki/Everybody%27s_Talkin%27
Brooklyn Bridge,Worst That Could Happen,https://en.wikipedia.org/wiki/The_Worst_That_Could_Happen
Joe Simon,Chokin' Kind,https://en.wikipedia.org/wiki/The_Chokin%27_Kind
The Flying Machine,Smile A Little Smile For Me,https://en.wikipedia.org/wiki/Smile_a_Little_Smile_for_Me
Tony Joe White,Polk Salad Annie,https://en.wikipedia.org/wiki/Polk_Salad_Annie
Kenny Rogers and The First Edition,"Ruby, Don't Take Your Love To Town","https://en.wikipedia.org/wiki/Ruby,_Don%27t_Take_Your_Love_to_Town"
Joe South,Games People Play,https://en.wikipedia.org/wiki/Games_People_Play_(Joe_South_song)
The Cuff Links,Tracy,https://en.wikipedia.org/wiki/Tracy_(The_Cuff_Links_song)
Bob Seger System,Ramblin' Gamblin' Man,https://en.wikipedia.org/wiki/Ramblin%27_Gamblin%27_Man
Diana Ross and The Supremes and The Temptations,I'm Gonna Make You Love Me,https://en.wikipedia.org/wiki/I%27m_Gonna_Make_You_Love_Me
Crazy Elephant,Gimme Gimme Good Lovin',https://en.wikipedia.org/wiki/Gimme_Some_Lovin%27
The Originals,Baby I'm For Real,"https://en.wikipedia.org/wiki/Baby,_I%27m_for_Real"
Edwin Hawkins Singers,Oh Happy Day,https://en.wikipedia.org/wiki/Oh_Happy_Day
David Ruffin,My Whole World Ended (The Moment You Left Me),https://en.wikipedia.org/wiki/My_Whole_World_Ended_(The_Moment_You_Left_Me)
